case,workload,repetition,writers,writes_per_s,weak_p50_us,weak_p95_us,weak_p99_us,stable_p50_us,stable_p95_us,stable_p99_us,fence_us,query_p50_us,query_p95_us,query_p99_us,mean_D,mean_W,max_W,max_cap,max_risk,timed_sync_successes,total_sync_attempts,total_sync_successes,total_sync_failures,timed_syncs_per_s,total_records_per_sync,policy_fences,age_fences,overshoots,enrichment,alarm,alarm_latency_ms,M_max,L_max,delta_max,amplification_max,stable_losses,weak_survivors,frontier_ok,recovery_ok,strict_ok
stable-group,random,0,4,319.01,0,0,0,11761.3,11872.3,11876.8,1161.5,38.3545,10253.3,10852.5,174.44,0,0,0,0.4,7,7,7,0,89.3227,3.57143,0,0,0,1,0,-1,0,0,0,0,0,0,1,1,1
fixed-count,random,0,4,310.167,12589.7,15986.5,16082.2,0,0,0,7375.08,33.625,12493.9,14233.5,170.56,2.44,4,4,0.0243902,6,7,7,0,74.4402,3.57143,6,0,0,1.01332,0,-1,0,0,0,0,0,0,1,1,1
exchange-random,random,0,4,459.899,7041.29,13153.5,13260.2,0,0,0,6094.17,33.458,2713.49,10323.7,168.32,4.68,9,9,0.0486486,2,3,3,0,36.7919,8.33333,2,0,0,1.10715,0,-1,0.1,0.1,0.1,0,0,0,1,1,1
strict-random,random,0,4,234.275,16665.8,18730.1,20248.1,0,0,0,6573.21,41.25,15343.2,17230.6,171.52,1.48,2,2,0.2,12,13,13,0,112.452,1.92308,12,0,0,0.432121,0,-1,0,0,0,0,0,0,1,1,1
exchange-hot,hot,0,4,485.398,6374.96,13956.9,15434.3,0,0,0,6418.08,31.584,2403.75,11757.2,168.32,4.68,9,9,0.0486486,2,3,3,0,38.8318,8.33333,2,0,0,4.24092,0,-1,0.3,0.3,0.3,5.55112e-17,0,0,1,1,1
exchange-hot-guard,hot,0,4,160.591,3112.04,4340.95,4415.56,28813.6,32014.7,33147.3,1140.75,28.8955,27677,28674.9,173.8,0.4,4,9,0.0243902,22,22,22,0,141.32,1.13636,16,0,0,2.53086,1,4.736,0,0,0,0,0,0,1,1,1
strict-hot,hot,0,4,258.25,14921.5,18768.8,18813.7,0,0,0,6176.79,11.354,14928.1,17023.9,171.52,1.48,2,2,0.2,12,13,13,0,123.96,1.92308,12,0,0,3.61983,0,-1,0.1,0.1,0.1,0,0,0,1,1,1
fixed-time,random,0,4,362.221,10099.1,15586,18247.8,0,0,0,1146.42,10.5,20.6527,51931.7,170.92,2.08,4,1638,0.0243902,7,8,8,0,101.422,3.125,0,8,0,1,0,-1,0,0,0,0,0,0,1,1,1
exchange-hot-guard,hot,1,4,146.232,2250.38,3833.66,3965.97,31535.6,37014.2,37025.1,1216.46,35.3955,29533.1,31696.2,173.8,0.4,4,9,0.0243902,22,22,22,0,128.684,1.13636,16,0,0,2.84158,1,4.023,0,0,0,0,0,0,1,1,1
strict-hot,hot,1,4,173.773,17687.2,35484.3,39685.9,0,0,0,8282.21,41.354,22796.3,35491.1,171.52,1.48,2,2,0.2,12,13,13,0,83.411,1.92308,12,0,0,3.87316,0,-1,0.1,0.1,0.1,0,0,0,1,1,1
strict-random,random,1,4,157.564,23257.4,34053.8,34121.7,0,0,0,5727.08,54.9995,4028.21,13703.7,171.52,1.48,2,2,0.2,12,13,13,0,75.6305,1.92308,12,0,0,1.12043,0,-1,0.1,0.1,0.1,0,0,0,1,1,1
exchange-hot,hot,1,4,492.843,5896.38,12670,12834.2,0,0,0,5855.04,32.7915,8352.14,10376.8,168.32,4.68,9,9,0.0486486,2,3,3,0,39.4275,8.33333,2,0,0,4.22483,0,-1,0.3,0.3,0.3,5.55112e-17,0,0,1,1,1
stable-group,random,1,4,314.768,0,0,0,10867.4,13708.7,13715,1148.08,32.958,9837.69,11694.4,174.44,0,0,0,0.4,7,7,7,0,88.1352,3.57143,0,0,0,1,0,-1,0,0,0,0,0,0,1,1,1
fixed-time,random,1,4,340.755,10487.2,15582.5,19297.5,0,0,0,1169.25,36.2915,77.6421,53876.9,170.92,2.08,4,1638,0.0243902,7,8,8,0,95.4113,3.125,0,8,0,1,0,-1,0,0,0,0,0,0,1,1,1
fixed-count,random,1,4,317.618,11927,16041.8,16558.3,0,0,0,5968.54,33.4795,10968.8,14006.8,170.56,2.44,4,4,0.0243902,6,7,7,0,76.2282,3.57143,6,0,0,0.912513,0,-1,0.1,0.1,0.1,0,0,0,1,1,1
exchange-random,random,1,4,539.102,5833.71,10808,10843.3,0,0,0,5333.46,26.8955,4944.11,7937.64,168.32,4.68,9,9,0.0486486,2,3,3,0,43.1282,8.33333,2,0,0,1.08821,0,-1,0.2,0.2,0.2,0,0,0,1,1,1
stable-group,random,2,4,299.794,0,0,0,11768,15954.2,15975.4,1165.46,35.7495,9807.78,10631.6,174.44,0,0,0,0.4,7,7,7,0,83.9424,3.57143,0,0,0,1,0,-1,0,0,0,0,0,0,1,1,1
strict-hot,hot,2,4,203.552,17075.5,21068.8,29295.5,0,0,0,6245.71,40.542,17224.5,18473.8,171.52,1.48,2,2,0.2,12,13,13,0,97.7049,1.92308,12,0,0,3.78896,0,-1,0.1,0.1,0.1,0,0,0,1,1,1
fixed-count,random,2,4,331.935,11062.1,13103.3,14303.6,0,0,0,8815.21,42.6875,9826.45,11522.7,170.56,2.44,4,4,0.0243902,6,7,7,0,79.6644,3.57143,6,0,0,0.761553,0,-1,0.1,0.1,0.1,0,0,0,1,1,1
exchange-random,random,2,4,490.402,6446.46,11272.2,12081.9,0,0,0,5411.79,41.5835,5072.4,6264.74,168.32,4.68,9,9,0.0486486,2,3,3,0,39.2322,8.33333,2,0,0,0.983448,0,-1,0.2,0.2,0.2,0,0,0,1,1,1
exchange-hot-guard,hot,2,4,106.184,3467.02,5096.63,5241.19,47830.2,50685,50689.9,1172,37.563,40650.5,48782.5,173.8,0.4,4,9,0.0243902,22,22,22,0,93.4421,1.13636,16,0,0,2.53086,1,5.583,0,0,0,0,0,0,1,1,1
fixed-time,random,2,4,247.402,13066.3,30661.9,33851.2,0,0,0,1147.67,38.625,115.402,34611,170.92,2.08,4,1638,0.0243902,7,8,8,0,69.2726,3.125,0,8,0,0.854369,0,-1,0,0,0,0,0,0,1,1,1
strict-random,random,2,4,191.311,19816.2,32293.5,34305.9,0,0,0,8054.38,42.9165,12159.3,18823.3,171.52,1.48,2,2,0.2,12,13,13,0,91.8293,1.92308,12,0,0,0.858835,0,-1,0.1,0.1,0.1,0,0,0,1,1,1
exchange-hot,hot,2,4,458.864,7346.92,13956.4,14476.5,0,0,0,6436.67,47.4375,7753.97,12517.4,168.32,4.68,9,9,0.0486486,2,3,3,0,36.7091,8.33333,2,0,0,4.26163,0,-1,0.3,0.3,0.3,5.55112e-17,0,0,1,1,1
exchange-hot-guard,hot,3,4,105.397,3578.98,5308.95,5455.29,48720.3,50631.4,50648.3,1165.79,46.229,2076.82,34526.1,173.8,0.4,4,9,0.0243902,22,22,22,0,92.7495,1.13636,16,0,0,2.7033,1,5.588,0,0,0,0,0,0,1,1,1
fixed-time,random,3,4,286.885,12509.9,23994.5,25711.9,0,0,0,1159.79,51.0625,71.2373,63151.5,170.92,2.08,4,1638,0.0243902,7,8,8,0,80.3278,3.125,0,8,0,1,0,-1,0,0,0,0,0,0,1,1,1
exchange-random,random,3,4,423.554,7426.67,13478.3,13794.9,0,0,0,6643.38,37.375,6464.02,9167.94,168.32,4.68,9,9,0.0486486,2,3,3,0,33.8843,8.33333,2,0,0,1.53549,0,-1,0.2,0.2,0.2,0,0,0,1,1,1
exchange-hot,hot,3,4,486.522,5741.62,15212,15278.5,0,0,0,6963.5,28.771,6973.93,11882.4,168.32,4.68,9,9,0.0486486,2,3,3,0,38.9217,8.33333,2,0,0,4.22593,0,-1,0.3,0.3,0.3,5.55112e-17,0,0,1,1,1
fixed-count,random,3,4,355.871,10209.7,13901.9,14011.2,0,0,0,7206.58,31.7085,9638.92,11091.5,170.56,2.44,4,4,0.0243902,6,7,7,0,85.409,3.57143,6,0,0,1.60788,0,-1,0.1,0.1,0.1,0,0,0,1,1,1
stable-group,random,3,4,286.082,0,0,0,11833,17779.4,17789.4,1163.29,49.396,10582.3,10967,174.44,0,0,0,0.4,7,7,7,0,80.1029,3.57143,0,0,0,1,0,-1,0,0,0,0,0,0,1,1,1
strict-hot,hot,3,4,235.856,16715.5,18930.5,18995.2,0,0,0,6458.92,55.9795,7279.8,17445.6,171.52,1.48,2,2,0.2,12,13,13,0,113.211,1.92308,12,0,0,3.76156,0,-1,0.1,0.1,0.1,0,0,0,1,1,1
strict-random,random,3,4,223.388,16852.1,23484.1,26168.5,0,0,0,7717.33,32.5835,14782.5,16908.4,171.52,1.48,2,2,0.2,12,13,13,0,107.226,1.92308,12,0,0,1.71869,0,-1,0.1,0.1,0.1,0,0,0,1,1,1
exchange-random,random,4,4,340.267,11201.3,18171,19112.3,0,0,0,8029.96,36.125,12631.8,17107.4,168.32,4.68,9,9,0.0486486,2,3,3,0,27.2213,8.33333,2,0,0,1.3104,0,-1,0.2,0.2,0.2,0,0,0,1,1,1
fixed-time,random,4,4,335.501,9717.08,20918,22501,0,0,0,1166.88,47.979,75.7606,55915,170.92,2.08,4,1638,0.0243902,7,8,8,0,93.9404,3.125,0,8,0,1,0,-1,0,0,0,0,0,0,1,1,1
strict-random,random,4,4,215.623,17842.8,21857.3,21933.4,0,0,0,7700.5,57.0835,13241.8,17445.6,171.52,1.48,2,2,0.2,12,13,13,0,103.499,1.92308,12,0,0,1.2934,0,-1,0.1,0.1,0.1,0,0,0,1,1,1
exchange-hot,hot,4,4,483.659,6251.71,12661.3,12759.4,0,0,0,7134.62,38.6255,5396.73,8833.97,168.32,4.68,9,9,0.0486486,2,3,3,0,38.6927,8.33333,2,0,0,4.23127,0,-1,0.3,0.3,0.3,5.55112e-17,0,0,1,1,1
fixed-count,random,4,4,313.632,10493.2,17665,20974.7,0,0,0,5665.62,32.792,6021.51,9215.88,170.56,2.44,4,4,0.0243902,6,7,7,0,75.2718,3.57143,6,0,0,1.30973,0,-1,0.1,0.1,0.1,0,0,0,1,1,1
exchange-hot-guard,hot,4,4,150.471,5155.65,8424.03,8725.97,27786.2,36734.2,38730.3,1201.71,38.5,12066.6,29687.1,173.8,0.4,4,9,0.0243902,22,22,22,0,132.414,1.13636,16,0,0,2.53086,1,9.103,0,0,0,0,0,0,1,1,1
stable-group,random,4,4,299.886,0,0,0,11742.4,15993.5,16011,1144.46,43.0625,11175.4,14072.9,174.44,0,0,0,0.4,7,7,7,0,83.968,3.57143,0,0,0,1,0,-1,0,0,0,0,0,0,1,1,1
strict-hot,hot,4,4,229.182,16006.1,23778.5,24994.5,0,0,0,6846.96,36.125,14905.2,15572.7,171.52,1.48,2,2,0.2,12,13,13,0,110.007,1.92308,12,0,0,3.47587,0,-1,0.1,0.1,0.1,0,0,0,1,1,1
stable-group,random,5,4,326.589,0,0,0,10766,11396.7,11406.4,1159.04,31.4585,9111.99,9769.82,174.44,0,0,0,0.4,7,7,7,0,91.4448,3.57143,0,0,0,1,0,-1,0,0,0,0,0,0,1,1,1
exchange-hot,hot,5,4,454.246,5979.71,11614.3,12043.9,0,0,0,5965.12,32.583,10379.1,10688.8,168.32,4.68,9,9,0.0486486,2,3,3,0,36.3397,8.33333,2,0,0,4.2542,0,-1,0.3,0.3,0.3,5.55112e-17,0,0,1,1,1
strict-random,random,5,4,238.343,16787.9,20542.8,20871.5,0,0,0,8092.58,36.875,15831.8,19127.6,171.52,1.48,2,2,0.2,12,13,13,0,114.405,1.92308,12,0,0,1.47044,0,-1,0.1,0.1,0.1,0,0,0,1,1,1
exchange-hot-guard,hot,5,4,105.259,3434.5,5151.39,5307.91,39717.6,70879.7,70890.3,1123.29,42.7505,40508.2,61499.3,173.8,0.4,4,9,0.0243902,22,22,22,0,92.6278,1.13636,16,0,0,2.7033,1,5.416,0,0,0,0,0,0,1,1,1
strict-hot,hot,5,4,183.242,18162.7,34793.6,35303.3,0,0,0,6251.96,51.5625,13598.9,28947,171.52,1.48,2,2,0.2,12,13,13,0,87.9561,1.92308,12,0,0,3.498,0,-1,0.1,0.1,0.1,0,0,0,1,1,1
exchange-random,random,5,4,517.126,6128.54,10685.4,10956.7,0,0,0,6886.88,41.062,4795.91,8671.26,168.32,4.68,9,9,0.0486486,2,3,3,0,41.3701,8.33333,2,0,0,0.896717,0,-1,0.1,0.1,0.1,0,0,0,1,1,1
fixed-count,random,5,4,336.216,11473.7,13796.5,13882.7,0,0,0,5690.25,39.7295,11094.4,12623.4,170.56,2.44,4,4,0.0243902,6,7,7,0,80.6919,3.57143,6,0,0,1.42583,0,-1,0.1,0.1,0.1,0,0,0,1,1,1
fixed-time,random,5,4,359.688,10221.6,15477.4,15539.5,0,0,0,1150.04,42.021,148.365,22695.3,170.92,2.08,4,1638,0.0243902,7,8,8,0,100.713,3.125,0,8,0,0.852217,0,-1,0,0,0,0,0,0,1,1,1
exchange-hot,hot,6,4,471.901,6763.88,12222.7,12422.1,0,0,0,6297.04,39.041,7654.46,10697.6,168.32,4.68,9,9,0.0486486,2,3,3,0,37.7521,8.33333,2,0,0,4.24048,0,-1,0.3,0.3,0.3,5.55112e-17,0,0,1,1,1
strict-random,random,6,4,191.259,18303,33348.4,36758.7,0,0,0,8085.25,50.0205,11540.6,17035.2,171.52,1.48,2,2,0.2,12,13,13,0,91.8041,1.92308,12,0,0,1.48572,0,-1,0.1,0.1,0.1,0,0,0,1,1,1
fixed-count,random,6,4,329.64,11459.9,14772.3,15079.1,0,0,0,7209.12,41.229,10268.3,10795.8,170.56,2.44,4,4,0.0243902,6,7,7,0,79.1136,3.57143,6,0,0,1.01345,0,-1,0.1,0.1,0.1,0,0,0,1,1,1
exchange-hot-guard,hot,6,4,97.051,3310.88,4995.13,5148.76,49219.8,52829.8,52848.6,1166.92,44.521,45802.1,50381.3,173.8,0.4,4,9,0.0243902,22,22,22,0,85.4049,1.13636,16,0,0,2.53086,1,5.464,0,0,0,0,0,0,1,1,1
strict-hot,hot,6,4,215.581,16168.9,23157.7,26070.8,0,0,0,7204.42,31.375,14499.6,18568.4,171.52,1.48,2,2,0.2,12,13,13,0,103.479,1.92308,12,0,0,3.65222,0,-1,0.1,0.1,0.1,0,0,0,1,1,1
fixed-time,random,6,4,205.109,18999,35112,36954.6,0,0,0,965.5,46.4165,82.0397,21681.5,170.92,2.08,4,1638,0.0243902,7,8,8,0,57.4305,3.125,0,8,0,1.70443,0,-1,0,0,0,0,0,0,1,1,1
exchange-random,random,6,4,453.633,6735.58,13521.5,14406.3,0,0,0,7535.92,50.708,9525.63,12087.1,168.32,4.68,9,9,0.0486486,2,3,3,0,36.2906,8.33333,2,0,0,0.982205,0,-1,0.3,0.3,0.3,5.55112e-17,0,0,1,1,1
stable-group,random,6,4,283.143,0,0,0,12813.7,14814.6,14822.5,1123.96,42.729,12066.1,13952.6,174.44,0,0,0,0.4,7,7,7,0,79.2801,3.57143,0,0,0,1,0,-1,0,0,0,0,0,0,1,1,1
exchange-hot,hot,7,4,435.041,7187.96,13468.8,13482.7,0,0,0,6598.42,34.4375,8675.39,12312.5,168.32,4.68,9,9,0.0486486,2,3,3,0,34.8033,8.33333,2,0,0,4.24844,0,-1,0.3,0.3,0.3,5.55112e-17,0,0,1,1,1
fixed-count,random,7,4,318.48,11801,15360.6,16486.9,0,0,0,6705.67,45.0625,11007.8,12481.6,170.56,2.44,4,4,0.0243902,6,7,7,0,76.4353,3.57143,6,0,0,0.762601,0,-1,0.1,0.1,0.1,0,0,0,1,1,1
strict-random,random,7,4,225.71,16072.6,23257.8,24363.4,0,0,0,6494.08,36.6245,11583.9,18472.9,171.52,1.48,2,2,0.2,12,13,13,0,108.341,1.92308,12,0,0,1.29401,0,-1,0.1,0.1,0.1,0,0,0,1,1,1
stable-group,random,7,4,300.655,0,0,0,11797,12837.2,12840.9,1176.79,38.854,9879.3,11190.7,174.44,0,0,0,0.4,7,7,7,0,84.1833,3.57143,0,0,0,1,0,-1,0,0,0,0,0,0,1,1,1
fixed-time,random,7,4,305.717,12087.8,18432.8,19979.3,0,0,0,1145.92,46.9995,78.852,120.074,170.92,2.08,4,1638,0.0243902,7,8,8,0,85.6008,3.125,0,8,0,1,0,-1,0,0,0,0,0,0,1,1,1
strict-hot,hot,7,4,216.614,16845.7,26086.3,26704.9,0,0,0,6736.33,45.1875,6526.65,18604.6,171.52,1.48,2,2,0.2,12,13,13,0,103.975,1.92308,12,0,0,3.45131,0,-1,0.1,0.1,0.1,0,0,0,1,1,1
exchange-random,random,7,4,505.487,6005.58,11552.1,11716.3,0,0,0,6209.83,36.7085,7446.86,10471.5,168.32,4.68,9,9,0.0486486,2,3,3,0,40.439,8.33333,2,0,0,0.844159,0,-1,0.1,0.1,0.1,0,0,0,1,1,1
exchange-hot-guard,hot,7,4,117.743,3666.4,5496.58,5659.28,36685.8,45948.1,45950.3,1191.12,41.2085,32667.9,41984.3,173.8,0.4,4,9,0.0243902,22,22,22,0,103.614,1.13636,16,0,0,2.53086,1,5.812,0,0,0,0,0,0,1,1,1
strict-random,random,8,4,164.946,18812.2,37332.1,37956.4,0,0,0,5961.38,41.479,24023.8,33841.1,171.52,1.48,2,2,0.2,12,13,13,0,79.1742,1.92308,12,0,0,1.26027,0,-1,0.1,0.1,0.1,0,0,0,1,1,1
fixed-time,random,8,4,212.886,19097.2,29942.6,30481.6,0,0,0,1141.29,53.229,103.115,170.484,170.92,2.08,4,1638,0.0243902,7,8,8,0,59.6079,3.125,0,8,0,1,0,-1,0,0,0,0,0,0,1,1,1
exchange-random,random,8,4,472.347,7794.83,12645.2,12769.5,0,0,0,7823.17,13.396,4019.07,4930.81,168.32,4.68,9,9,0.0486486,2,3,3,0,37.7878,8.33333,2,0,0,1.08312,0,-1,0.2,0.2,0.2,0,0,0,1,1,1
fixed-count,random,8,4,361.457,10828.6,12759.4,12888.4,0,0,0,6137.83,27.9165,7016.02,10835.4,170.56,2.44,4,4,0.0243902,6,7,7,0,86.7497,3.57143,6,0,0,1.10889,0,-1,0.1,0.1,0.1,0,0,0,1,1,1
strict-hot,hot,8,4,237.864,16482.1,19394.8,19506.3,0,0,0,6518.79,37.2495,16525,17584.8,171.52,1.48,2,2,0.2,12,13,13,0,114.175,1.92308,12,0,0,3.60934,0,-1,0.1,0.1,0.1,0,0,0,1,1,1
exchange-hot-guard,hot,8,4,137.348,4063.58,6029.5,6208.83,33954.1,39318.8,40678.4,1159,42.8755,28395.8,34388.9,173.8,0.4,4,9,0.0243902,22,22,22,0,120.866,1.13636,16,0,0,2.53086,1,6.564,0,0,0,0,0,0,1,1,1
stable-group,random,8,4,295.922,0,0,0,12602.3,14018.3,14024,1161.17,52.0205,11661.2,12641.3,174.44,0,0,0,0.4,7,7,7,0,82.8582,3.57143,0,0,0,1,0,-1,0,0,0,0,0,0,1,1,1
exchange-hot,hot,8,4,440.458,7217.54,15407.1,16059.8,0,0,0,7368.12,35.8125,5908.17,12600,168.32,4.68,9,9,0.0486486,2,3,3,0,35.2367,8.33333,2,0,0,4.24461,0,-1,0.3,0.3,0.3,5.55112e-17,0,0,1,1,1
exchange-hot,hot,9,4,514.608,5958.38,11314.8,11372.2,0,0,0,8256.96,32,4912.26,7827.9,168.32,4.68,9,9,0.0486486,2,3,3,0,41.1687,8.33333,2,0,0,4.24678,0,-1,0.3,0.3,0.3,5.55112e-17,0,0,1,1,1
stable-group,random,9,4,314.738,0,0,0,10836.2,15423.2,15425.3,1162.75,29.7085,10763.8,13392.7,174.44,0,0,0,0.4,7,7,7,0,88.1268,3.57143,0,0,0,1,0,-1,0,0,0,0,0,0,1,1,1
exchange-hot-guard,hot,9,4,132.017,3405.37,5120.38,5272.04,34975.8,47903.6,47918,1158.5,38.271,12002.8,30998.1,173.8,0.4,4,9,0.0243902,22,22,22,0,116.175,1.13636,16,0,0,2.53086,1,5.559,0,0,0,0,0,0,1,1,1
strict-random,random,9,4,188.26,18946.6,28575.7,30950.1,0,0,0,5901.96,36.729,18323.3,25196.3,171.52,1.48,2,2,0.2,12,13,13,0,90.3649,1.92308,12,0,0,0.630841,0,-1,0,0,0,0,0,0,1,1,1
fixed-time,random,9,4,322.962,11103.1,17323.8,17541.2,0,0,0,1167,39.2705,74.5312,56688.2,170.92,2.08,4,1638,0.0243902,7,8,8,0,90.4294,3.125,0,8,0,1,0,-1,0,0,0,0,0,0,1,1,1
fixed-count,random,9,4,318.183,12675.8,14117.9,15220.1,0,0,0,7167.83,45.5205,8931.83,11711.7,170.56,2.44,4,4,0.0243902,6,7,7,0,76.364,3.57143,6,0,0,0.930116,0,-1,0,0,0,0,0,0,1,1,1
exchange-random,random,9,4,487.669,5758.46,12643.3,12792,0,0,0,6031.92,23.771,6922.8,11357.8,168.32,4.68,9,9,0.0486486,2,3,3,0,39.0135,8.33333,2,0,0,1.052,0,-1,0.1,0.1,0.1,0,0,0,1,1,1
strict-hot,hot,9,4,231.112,17004,20804.8,21229,0,0,0,6077.46,42.104,15465.7,16453,171.52,1.48,2,2,0.2,12,13,13,0,110.934,1.92308,12,0,0,3.87337,0,-1,0.1,0.1,0.1,0,0,0,1,1,1
stable-group,random,10,4,303.786,0,0,0,11737.3,12973.7,12979,1162.21,38.1665,10542.9,11875.2,174.44,0,0,0,0.4,7,7,7,0,85.06,3.57143,0,0,0,1,0,-1,0,0,0,0,0,0,1,1,1
strict-hot,hot,10,4,238.226,16581.2,20906.9,21593.3,0,0,0,5418.25,37.313,12503.4,17503.5,171.52,1.48,2,2,0.2,12,13,13,0,114.349,1.92308,12,0,0,3.87337,0,-1,0.1,0.1,0.1,0,0,0,1,1,1
exchange-hot-guard,hot,10,4,98.3096,3276.23,5102.71,5248.61,46861.6,54769.8,54770.8,806.542,49.5,43990.2,51546.7,173.8,0.4,4,9,0.0243902,22,22,22,0,86.5125,1.13636,16,0,0,2.53086,1,5.625,0,0,0,0,0,0,1,1,1
fixed-count,random,10,4,348.708,10752.5,14214.3,14344.5,0,0,0,7064.04,25.75,6746.15,10679.6,170.56,2.44,4,4,0.0243902,6,7,7,0,83.6899,3.57143,6,0,0,1.03922,0,-1,0.1,0.1,0.1,0,0,0,1,1,1
fixed-time,random,10,4,388.997,9833.25,14321.9,15169,0,0,0,1171.62,36.75,71.2104,80.7812,170.92,2.08,4,1638,0.0243902,7,8,8,0,108.919,3.125,0,8,0,1,0,-1,0,0,0,0,0,0,1,1,1
exchange-random,random,10,4,472.552,7046.92,13416.8,14020.9,0,0,0,7409.46,43.042,3847.06,10734.5,168.32,4.68,9,9,0.0486486,2,3,3,0,37.8042,8.33333,2,0,0,1.07502,0,-1,0.1,0.1,0.1,0,0,0,1,1,1
exchange-hot,hot,10,4,476.668,6613.04,14091.4,14180,0,0,0,5899.88,37.146,2692.34,8355.31,168.32,4.68,9,9,0.0486486,2,3,3,0,38.1334,8.33333,2,0,0,4.24711,0,-1,0.3,0.3,0.3,5.55112e-17,0,0,1,1,1
strict-random,random,10,4,214.836,17032.4,22594,22821.2,0,0,0,6762.12,49.104,16614.3,18648.1,171.52,1.48,2,2,0.2,12,13,13,0,103.121,1.92308,12,0,0,1.29055,0,-1,0.1,0.1,0.1,0,0,0,1,1,1
strict-hot,hot,11,4,159.582,22989.2,34537.1,34703.4,0,0,0,7757.38,45.8545,18918.4,29389.9,171.52,1.48,2,2,0.2,12,13,13,0,76.5994,1.92308,12,0,0,3.36677,0,-1,0.1,0.1,0.1,0,0,0,1,1,1
exchange-random,random,11,4,483.488,6116.75,11043.8,14130.8,0,0,0,5439.42,28.5625,5140.63,8431.09,168.32,4.68,9,9,0.0486486,2,3,3,0,38.679,8.33333,2,0,0,0.674404,0,-1,0.1,0.1,0.1,0,0,0,1,1,1
exchange-hot,hot,11,4,490.572,6155.25,11317.7,11376.4,0,0,0,7151.12,26.062,6231.9,9279.56,168.32,4.68,9,9,0.0486486,2,3,3,0,39.2457,8.33333,2,0,0,4.22203,0,-1,0.3,0.3,0.3,5.55112e-17,0,0,1,1,1
exchange-hot-guard,hot,11,4,153.407,3612.17,5318.03,5464.91,29799.2,33610.4,34912,1146.92,39.646,27137.5,29369.3,173.8,0.4,4,9,0.0243902,22,22,22,0,134.998,1.13636,16,0,0,2.84158,1,5.538,0,0,0,0,0,0,1,1,1
fixed-time,random,11,4,294.542,12427,19730.6,20750.2,0,0,0,1165.5,56.354,138.791,25318.2,170.92,2.08,4,1638,0.0243902,7,8,8,0,82.4718,3.125,0,8,0,0.852217,0,-1,0,0,0,0,0,0,1,1,1
stable-group,random,11,4,306.863,0,0,0,10859.1,14862.9,14878.8,1188.17,39.354,11150.4,13032.1,174.44,0,0,0,0.4,7,7,7,0,85.9215,3.57143,0,0,0,1,0,-1,0,0,0,0,0,0,1,1,1
fixed-count,random,11,4,250.77,12538.3,24567.7,25585.4,0,0,0,5894.25,35.688,11684.2,18525.3,170.56,2.44,4,4,0.0243902,6,7,7,0,60.1848,3.57143,6,0,0,1.14398,0,-1,0.1,0.1,0.1,0,0,0,1,1,1
strict-random,random,11,4,169.362,23411.9,33067.7,35377.8,0,0,0,5742.33,53.2085,18623.8,30864.2,171.52,1.48,2,2,0.2,12,13,13,0,81.2937,1.92308,12,0,0,1.70075,0,-1,0.1,0.1,0.1,0,0,0,1,1,1
strict-hot,hot,12,4,221.376,17453.3,22810.6,23057.5,0,0,0,6132.42,50.084,2965.03,13415.6,171.52,1.48,2,2,0.2,12,13,13,0,106.261,1.92308,12,0,0,3.49615,0,-1,0.1,0.1,0.1,0,0,0,1,1,1
stable-group,random,12,4,310.423,0,0,0,11788.1,12905.4,12914.1,1170.46,48.3545,10010.4,10461.7,174.44,0,0,0,0.4,7,7,7,0,86.9183,3.57143,0,0,0,1,0,-1,0,0,0,0,0,0,1,1,1
fixed-time,random,12,4,288.667,12613.9,21112,24926.4,0,0,0,1158.71,48.542,99.2016,62702,170.92,2.08,4,1638,0.0243902,7,8,8,0,80.8268,3.125,0,8,0,1,0,-1,0,0,0,0,0,0,1,1,1
exchange-random,random,12,4,451.535,8834.5,11274.8,13262.6,0,0,0,6709.58,42.542,7086.72,12095.1,168.32,4.68,9,9,0.0486486,2,3,3,0,36.1228,8.33333,2,0,0,0.760372,0,-1,0.1,0.1,0.1,0,0,0,1,1,1
strict-random,random,12,4,237.053,16810.1,19718.7,19808,0,0,0,7233.21,37.729,15040,17917.1,171.52,1.48,2,2,0.2,12,13,13,0,113.786,1.92308,12,0,0,0.632248,0,-1,0.1,0.1,0.1,0,0,0,1,1,1
fixed-count,random,12,4,344.778,11175,14181.9,14302.9,0,0,0,6114.75,44.1245,4769.27,11212.1,170.56,2.44,4,4,0.0243902,6,7,7,0,82.7468,3.57143,6,0,0,0.521299,0,-1,0.1,0.1,0.1,0,0,0,1,1,1
exchange-hot-guard,hot,12,4,116.323,4062.83,5650.33,5788.2,34752.7,54572,54588.1,1157.75,34.3955,34815.5,51299.5,173.8,0.4,4,9,0.0243902,22,22,22,0,102.365,1.13636,16,0,0,2.7033,1,5.905,0,0,0,0,0,0,1,1,1
exchange-hot,hot,12,4,498.974,6053.38,11559.6,11615.9,0,0,0,6286.75,36.9165,7938.69,10337.8,168.32,4.68,9,9,0.0486486,2,3,3,0,39.9179,8.33333,2,0,0,4.24594,0,-1,0.3,0.3,0.3,5.55112e-17,0,0,1,1,1
exchange-random,random,13,4,508.615,6320.92,11435,11453,0,0,0,4815.88,27.354,7034.72,10383.8,168.32,4.68,9,9,0.0486486,2,3,3,0,40.6892,8.33333,2,0,0,1.15292,0,-1,0.2,0.2,0.2,0,0,0,1,1,1
stable-group,random,13,4,318.604,0,0,0,10943.2,12750.3,12758.8,1152.83,32.979,10252.4,10710.9,174.44,0,0,0,0.4,7,7,7,0,89.2092,3.57143,0,0,0,1,0,-1,0,0,0,0,0,0,1,1,1
strict-hot,hot,13,4,268.208,14872.5,16812.5,16846,0,0,0,7790.38,27.5205,14234.1,15345.7,171.52,1.48,2,2,0.2,12,13,13,0,128.74,1.92308,12,0,0,3.84754,0,-1,0.1,0.1,0.1,0,0,0,1,1,1
fixed-count,random,13,4,334.258,10822.3,14497.7,15805.9,0,0,0,5946.12,32.7705,9871.42,13675.9,170.56,2.44,4,4,0.0243902,6,7,7,0,80.222,3.57143,6,0,0,1.17397,0,-1,0,0,0,0,0,0,1,1,1
fixed-time,random,13,4,352.327,10305.8,15608.5,18311.5,0,0,0,1156.46,38.604,112.592,52264.3,170.92,2.08,4,1638,0.0243902,7,8,8,0,98.6516,3.125,0,8,0,1,0,-1,0,0,0,0,0,0,1,1,1
exchange-hot-guard,hot,13,4,112.62,4463.98,6144.32,6288.73,33413.7,56637.7,56648.2,1168.75,44.375,29762.5,47617,173.8,0.4,4,9,0.0243902,22,22,22,0,99.1059,1.13636,16,0,0,2.53086,1,6.685,0,0,0,0,0,0,1,1,1
exchange-hot,hot,13,4,496.258,6194.08,12649.7,12874.3,0,0,0,6016.17,37.1245,5198.18,9919.06,168.32,4.68,9,9,0.0486486,2,3,3,0,39.7006,8.33333,2,0,0,4.24925,0,-1,0.3,0.3,0.3,5.55112e-17,0,0,1,1,1
strict-random,random,13,4,202.227,16009.8,32936.4,35194.3,0,0,0,7289.5,32.708,19223.6,29492.9,171.52,1.48,2,2,0.2,12,13,13,0,97.0689,1.92308,12,0,0,1.67939,0,-1,0,0,0,0,0,0,1,1,1
fixed-time,random,14,4,293.819,12634.9,20148.5,21265.1,0,0,0,1176.5,43.3125,112.292,64790.4,170.92,2.08,4,1638,0.0243902,7,8,8,0,82.2692,3.125,0,8,0,1,0,-1,0,0,0,0,0,0,1,1,1
strict-hot,hot,14,4,221.626,16775.1,20696.1,21771,0,0,0,9042.92,46.333,14740.9,16685.4,171.52,1.48,2,2,0.2,12,13,13,0,106.381,1.92308,12,0,0,3.3626,0,-1,0.1,0.1,0.1,0,0,0,1,1,1
fixed-count,random,14,4,343.782,11581,13748.2,14063.6,0,0,0,6107.83,12.5625,7290.22,12690.4,170.56,2.44,4,4,0.0243902,6,7,7,0,82.5076,3.57143,6,0,0,1.04016,0,-1,0.1,0.1,0.1,0,0,0,1,1,1
exchange-hot,hot,14,4,546.726,5613.21,11123.6,11161.8,0,0,0,6771.21,11.9585,4360,8114.55,168.32,4.68,9,9,0.0486486,2,3,3,0,43.7381,8.33333,2,0,0,4.21228,0,-1,0.3,0.3,0.3,5.55112e-17,0,0,1,1,1
exchange-hot-guard,hot,14,4,176.266,3313.6,4855.42,4993.08,23656.8,36706,37870,1141.96,11.3335,21483,30067.9,173.8,0.4,4,9,0.0243902,22,22,22,0,155.114,1.13636,16,0,0,2.84158,1,5.063,0,0,0,0,0,0,1,1,1
exchange-random,random,14,4,524.509,6091.83,12544.2,12952,0,0,0,6712.71,9.8545,5347.25,8172.41,168.32,4.68,9,9,0.0486486,2,3,3,0,41.9607,8.33333,2,0,0,0.919309,0,-1,0.1,0.1,0.1,0,0,0,1,1,1
strict-random,random,14,4,226.715,16852.9,22095.2,22596.3,0,0,0,6204.12,38.4585,15329,19596.8,171.52,1.48,2,2,0.2,12,13,13,0,108.823,1.92308,12,0,0,1.07661,0,-1,0.1,0.1,0.1,0,0,0,1,1,1
stable-group,random,14,4,285.539,0,0,0,11920.6,14859.6,14889.4,1140.38,43.7915,12090.1,13657.6,174.44,0,0,0,0.4,7,7,7,0,79.9509,3.57143,0,0,0,1,0,-1,0,0,0,0,0,0,1,1,1
fixed-time,random,15,4,365.842,9989.04,17827.1,18562.7,0,0,0,1169.88,48.25,131.183,40019.7,170.92,2.08,4,1638,0.0243902,7,8,8,0,102.436,3.125,0,8,0,0.858491,0,-1,0,0,0,0,0,0,1,1,1
fixed-count,random,15,4,348.622,10933.5,14418.9,14622.5,0,0,0,6963.17,43.604,9688.35,12887.8,170.56,2.44,4,4,0.0243902,6,7,7,0,83.6692,3.57143,6,0,0,0.909646,0,-1,0.1,0.1,0.1,0,0,0,1,1,1
strict-hot,hot,15,4,237.707,14960.2,20953.7,21112.3,0,0,0,6624.58,30.5415,17276.1,19789.7,171.52,1.48,2,2,0.2,12,13,13,0,114.099,1.92308,12,0,0,3.87337,0,-1,0.1,0.1,0.1,0,0,0,1,1,1
strict-random,random,15,4,161.5,21235.1,42342.6,45758.3,0,0,0,6995.21,44.271,25033.7,36599.5,171.52,1.48,2,2,0.2,12,13,13,0,77.52,1.92308,12,0,0,0.414949,0,-1,0.1,0.1,0.1,0,0,0,1,1,1
exchange-hot-guard,hot,15,4,130.098,3851.83,7555.9,7950.61,37828.8,42527.6,42532,1148.21,56.4165,30443.4,39440.8,173.8,0.4,4,9,0.0243902,22,22,22,0,114.487,1.13636,16,0,0,2.7033,1,8.183,0,0,0,0,0,0,1,1,1
stable-group,random,15,4,236.56,0,0,0,12337.6,20775.8,20783.8,1153.92,54.7085,15004.4,19864.2,174.44,0,0,0,0.4,7,7,7,0,66.2367,3.57143,0,0,0,1,0,-1,0,0,0,0,0,0,1,1,1
exchange-random,random,15,4,422.893,8227.88,12957.4,13378.5,0,0,0,6461.08,45.729,5202.92,11332.3,168.32,4.68,9,9,0.0486486,2,3,3,0,33.8315,8.33333,2,0,0,1.02764,0,-1,0.1,0.1,0.1,0,0,0,1,1,1
exchange-hot,hot,15,4,420.987,6089.08,17622.7,17699.1,0,0,0,6578.38,34.2705,9021.84,15877.8,168.32,4.68,9,9,0.0486486,2,3,3,0,33.679,8.33333,2,0,0,4.23326,0,-1,0.3,0.3,0.3,5.55112e-17,0,0,1,1,1
exchange-random,random,16,4,477.858,5827.79,13276.6,13501.5,0,0,0,5511.21,47.0415,7478.91,11621.1,168.32,4.68,9,9,0.0486486,2,3,3,0,38.2286,8.33333,2,0,0,0.834274,0,-1,0.2,0.2,0.2,0,0,0,1,1,1
strict-hot,hot,16,4,227.337,17043.2,20140.1,21059.1,0,0,0,8033.92,35.2085,16658.1,18692.4,171.52,1.48,2,2,0.2,12,13,13,0,109.122,1.92308,12,0,0,3.77262,0,-1,0.1,0.1,0.1,0,0,0,1,1,1
exchange-hot,hot,16,4,410.627,8030.79,16018.6,16804.4,0,0,0,5824.54,58.75,6069.93,12501.7,168.32,4.68,9,9,0.0486486,2,3,3,0,32.8502,8.33333,2,0,0,4.28681,0,-1,0.3,0.3,0.3,5.55112e-17,0,0,1,1,1
fixed-count,random,16,4,347.513,10882.2,14143.1,14411.4,0,0,0,6515.29,36.0835,8810.3,12587.9,170.56,2.44,4,4,0.0243902,6,7,7,0,83.4031,3.57143,6,0,0,0.930774,0,-1,0.1,0.1,0.1,0,0,0,1,1,1
fixed-time,random,16,4,331.73,10471.2,16169.5,19818.8,0,0,0,1168.54,40.3125,88.9401,3162.77,170.92,2.08,4,1638,0.0243902,7,8,8,0,92.8843,3.125,0,8,0,0.803922,0,-1,0,0,0,0,0,0,1,1,1
exchange-hot-guard,hot,16,4,104.323,3240.69,5032.8,5188.79,43857.5,52840.8,52848.4,1165.25,47.396,38011.2,48270.8,173.8,0.4,4,9,0.0243902,22,22,22,0,91.8042,1.13636,16,0,0,2.53086,1,5.505,0,0,0,0,0,0,1,1,1
strict-random,random,16,4,192.681,18297.1,26106.5,27437.3,0,0,0,8042.33,43.4785,17281,18393.1,171.52,1.48,2,2,0.2,12,13,13,0,92.4868,1.92308,12,0,0,1.11099,0,-1,0.1,0.1,0.1,0,0,0,1,1,1
stable-group,random,16,4,299.2,0,0,0,10865,16022,16027.3,1151.96,31.979,9688.21,10425.3,174.44,0,0,0,0.4,7,7,7,0,83.7761,3.57143,0,0,0,1,0,-1,0,0,0,0,0,0,1,1,1
exchange-hot,hot,17,4,477.031,6491.12,11453.4,11466.3,0,0,0,6642.58,36.667,2586.38,8776.99,168.32,4.68,9,9,0.0486486,2,3,3,0,38.1624,8.33333,2,0,0,4.25195,0,-1,0.3,0.3,0.3,5.55112e-17,0,0,1,1,1
fixed-count,random,17,4,283.992,12931.6,16622.8,19040.2,0,0,0,6312.12,40.958,11717.4,13917.3,170.56,2.44,4,4,0.0243902,6,7,7,0,68.158,3.57143,6,0,0,0.911762,0,-1,0.1,0.1,0.1,0,0,0,1,1,1
fixed-time,random,17,4,210.049,15849.3,30752.9,31839.6,0,0,0,1168.88,32.9375,75.3545,94.7483,170.92,2.08,4,1638,0.0243902,7,8,8,0,58.8137,3.125,0,8,0,1,0,-1,0,0,0,0,0,0,1,1,1
strict-hot,hot,17,4,251.291,15775.9,17123.1,18388.2,0,0,0,12042,29.125,14946.4,15558,171.52,1.48,2,2,0.2,12,13,13,0,120.62,1.92308,12,0,0,3.64609,0,-1,0.1,0.1,0.1,0,0,0,1,1,1
exchange-hot-guard,hot,17,4,115.393,3845,5709.92,5876.02,37705.2,54790.1,54810.7,978.459,42.7495,14274,38805.4,173.8,0.4,4,9,0.0243902,22,22,22,0,101.546,1.13636,16,0,0,2.7033,1,6.038,0,0,0,0,0,0,1,1,1
stable-group,random,17,4,298.873,0,0,0,12750.4,13432,13434,1168.62,43.688,11771.1,12083.2,174.44,0,0,0,0.4,7,7,7,0,83.6844,3.57143,0,0,0,1,0,-1,0,0,0,0,0,0,1,1,1
strict-random,random,17,4,174.458,18812,37200.9,37830.9,0,0,0,8390.79,50.5,3890.7,10696.3,171.52,1.48,2,2,0.2,12,13,13,0,83.7399,1.92308,12,0,0,1.27778,0,-1,0.1,0.1,0.1,0,0,0,1,1,1
exchange-random,random,17,4,423.582,6797.71,16464.3,17717.6,0,0,0,5743,47.75,5611.93,9165.84,168.32,4.68,9,9,0.0486486,2,3,3,0,33.8865,8.33333,2,0,0,1.37336,0,-1,0.2,0.2,0.2,0,0,0,1,1,1
stable-group,random,18,4,247.688,0,0,0,14530.2,22950.5,22961.2,1187.54,56.9165,12019.9,14460.4,174.44,0,0,0,0.4,7,7,7,0,69.3527,3.57143,0,0,0,1,0,-1,0,0,0,0,0,0,1,1,1
strict-hot,hot,18,4,177.237,18735.2,32950.4,36789.3,0,0,0,6754.25,51.625,17105.6,27322.7,171.52,1.48,2,2,0.2,12,13,13,0,85.0735,1.92308,12,0,0,3.78936,0,-1,0.1,0.1,0.1,0,0,0,1,1,1
exchange-hot-guard,hot,18,4,97.1608,3199.38,4881.24,5026.88,46676.8,62585.8,62590.8,1164.17,38.9585,42990.1,50080.2,173.8,0.4,4,9,0.0243902,22,22,22,0,85.5015,1.13636,16,0,0,2.53086,1,5.331,0,0,0,0,0,0,1,1,1
exchange-hot,hot,18,4,504.638,6474.79,11022.4,11611.3,0,0,0,6957.58,44.334,80.7146,6890.9,168.32,4.68,9,9,0.0486486,2,3,3,0,40.371,8.33333,2,0,0,4.23684,0,-1,0.3,0.3,0.3,5.55112e-17,0,0,1,1,1
exchange-random,random,18,4,480.527,5855.88,12800.6,13149.4,0,0,0,5921.96,40.625,7050.85,11381.7,168.32,4.68,9,9,0.0486486,2,3,3,0,38.4422,8.33333,2,0,0,1.3728,0,-1,0.2,0.2,0.2,0,0,0,1,1,1
fixed-time,random,18,4,323.601,12020.6,17095.1,18141.4,0,0,0,1152.75,33.25,53.0272,52309.1,170.92,2.08,4,1638,0.0243902,7,8,8,0,90.6081,3.125,0,8,0,0.860465,0,-1,0,0,0,0,0,0,1,1,1
fixed-count,random,18,4,354.345,10868.9,11971.9,12378.2,0,0,0,7537.5,47.334,8042.56,10090.1,170.56,2.44,4,4,0.0243902,6,7,7,0,85.0428,3.57143,6,0,0,1.20444,0,-1,0,0,0,0,0,0,1,1,1
strict-random,random,18,4,221.902,17738.9,20786.2,21356.5,0,0,0,6887.62,43.417,17208.6,17667.7,171.52,1.48,2,2,0.2,12,13,13,0,106.513,1.92308,12,0,0,0.628769,0,-1,0,0,0,0,0,0,1,1,1
fixed-time,random,19,4,376.977,10172.6,15898.7,16357.7,0,0,0,1171.54,33.604,55.225,48451.1,170.92,2.08,4,1638,0.0243902,7,8,8,0,105.553,3.125,0,8,0,1,0,-1,0,0,0,0,0,0,1,1,1
strict-random,random,19,4,224.998,17540.4,20724.6,22526.6,0,0,0,6997.42,29.833,17107.5,21318.6,171.52,1.48,2,2,0.2,12,13,13,0,107.999,1.92308,12,0,0,1.71869,0,-1,0.1,0.1,0.1,0,0,0,1,1,1
strict-hot,hot,19,4,218.917,16808,18611.1,18752,0,0,0,6318.42,40.0835,16373.4,17552.8,171.52,1.48,2,2,0.2,12,13,13,0,105.08,1.92308,12,0,0,3.93593,0,-1,0.1,0.1,0.1,0,0,0,1,1,1
exchange-random,random,19,4,533.283,5754.46,10591.5,10652.2,0,0,0,6318.5,29.292,6749.34,9713.24,168.32,4.68,9,9,0.0486486,2,3,3,0,42.6626,8.33333,2,0,0,1.47523,0,-1,0.2,0.2,0.2,0,0,0,1,1,1
exchange-hot,hot,19,4,521.791,6206.04,11860.6,12230.7,0,0,0,6132.21,30.854,6930.47,9900.49,168.32,4.68,9,9,0.0486486,2,3,3,0,41.7433,8.33333,2,0,0,4.23326,0,-1,0.3,0.3,0.3,5.55112e-17,0,0,1,1,1
stable-group,random,19,4,291.126,0,0,0,11490.3,16779.8,16939,1099.12,37.458,11549.1,13565.6,174.44,0,0,0,0.4,7,7,7,0,81.5154,3.57143,0,0,0,1,0,-1,0,0,0,0,0,0,1,1,1
exchange-hot-guard,hot,19,4,158.485,3391.92,4924.07,5059.85,27788.4,32533.4,33698.2,1158.12,43.375,27580.3,29433,173.8,0.4,4,9,0.0243902,22,22,22,0,139.466,1.13636,16,0,0,2.53086,1,5.15,0,0,0,0,0,0,1,1,1
fixed-count,random,19,4,331.06,11666.7,15193.3,15662.4,0,0,0,5677.92,35.4585,10896.9,13352.8,170.56,2.44,4,4,0.0243902,6,7,7,0,79.4544,3.57143,6,0,0,1.30523,0,-1,0.1,0.1,0.1,0,0,0,1,1,1
exchange-hot-guard,hot,20,4,129.936,3599.85,5216.35,5361.2,32741.1,52879.6,52881.9,1167.12,38.6255,29935.1,46228.8,173.8,0.4,4,9,0.0243902,22,22,22,0,114.344,1.13636,16,0,0,2.7033,1,5.484,0,0,0,0,0,0,1,1,1
fixed-count,random,20,4,302.453,11604.9,21403.5,21734.6,0,0,0,5898.21,35.042,7529.33,17857,170.56,2.44,4,4,0.0243902,6,7,7,0,72.5887,3.57143,6,0,0,0.782647,0,-1,0,0,0,0,0,0,1,1,1
strict-hot,hot,20,4,210.871,18033.6,20688.3,23140,0,0,0,7102.5,40.2495,18350,19630.3,171.52,1.48,2,2,0.2,12,13,13,0,101.218,1.92308,12,0,0,3.77453,0,-1,0.1,0.1,0.1,0,0,0,1,1,1
strict-random,random,20,4,207.553,16689.6,24746.5,27872.9,0,0,0,5700.04,50,12852.7,21535.2,171.52,1.48,2,2,0.2,12,13,13,0,99.6256,1.92308,12,0,0,0.654029,0,-1,0,0,0,0,0,0,1,1,1
fixed-time,random,20,4,316.657,10658.4,18730.5,20930.5,0,0,0,1186.33,41.2295,74.5087,119.853,170.92,2.08,4,1638,0.0243902,7,8,8,0,88.664,3.125,0,8,0,1,0,-1,0,0,0,0,0,0,1,1,1
exchange-hot,hot,20,4,416.424,6871.21,15031.3,18574.1,0,0,0,7199.04,48.3125,5307.41,5811.14,168.32,4.68,9,9,0.0486486,2,3,3,0,33.3139,8.33333,2,0,0,4.24112,0,-1,0.3,0.3,0.3,5.55112e-17,0,0,1,1,1
exchange-random,random,20,4,461.404,6668.92,16183.4,16290.3,0,0,0,7069.62,35.25,2999.97,7915.12,168.32,4.68,9,9,0.0486486,2,3,3,0,36.9123,8.33333,2,0,0,0.631498,0,-1,0.1,0.1,0.1,0,0,0,1,1,1
stable-group,random,20,4,273.826,0,0,0,11725.8,16848.8,16855.6,1167.25,40.5835,12909.2,15885.3,174.44,0,0,0,0.4,7,7,7,0,76.6712,3.57143,0,0,0,1,0,-1,0,0,0,0,0,0,1,1,1
fixed-time,random,21,4,314.718,11751.5,19262.1,22693.3,0,0,0,1175.08,35.979,67.1956,119.735,170.92,2.08,4,1638,0.0243902,7,8,8,0,88.1211,3.125,0,8,0,1,0,-1,0,0,0,0,0,0,1,1,1
exchange-hot,hot,21,4,425.846,7489.75,14504.9,16965.2,0,0,0,6761.96,39.854,9788.82,12394.3,168.32,4.68,9,9,0.0486486,2,3,3,0,34.0677,8.33333,2,0,0,4.2542,0,-1,0.3,0.3,0.3,5.55112e-17,0,0,1,1,1
stable-group,random,21,4,316.672,0,0,0,10773.5,11636.2,13302.3,1034.71,27.854,9761.12,10225.9,174.44,0,0,0,0.4,7,7,7,0,88.6681,3.57143,0,0,0,1,0,-1,0,0,0,0,0,0,1,1,1
exchange-hot-guard,hot,21,4,96.4006,3534.19,5051.72,5186.18,48728.1,55851,55868,1157.33,39.937,48501.1,53205.4,173.8,0.4,4,9,0.0243902,22,22,22,0,84.8326,1.13636,16,0,0,2.53086,1,5.464,0,0,0,0,0,0,1,1,1
exchange-random,random,21,4,460.867,6031.25,17838,18101.7,0,0,0,6078.42,41.437,7262.89,13827.8,168.32,4.68,9,9,0.0486486,2,3,3,0,36.8693,8.33333,2,0,0,0.820447,0,-1,0.1,0.1,0.1,0,0,0,1,1,1
strict-hot,hot,21,4,210.393,16834.1,26346,30881.2,0,0,0,6658.42,38.417,15842.8,23518.7,171.52,1.48,2,2,0.2,12,13,13,0,100.989,1.92308,12,0,0,3.78936,0,-1,0.1,0.1,0.1,0,0,0,1,1,1
strict-random,random,21,4,162.968,20891.1,37301.5,42413.6,0,0,0,7174.62,56.292,20059.1,37493.8,171.52,1.48,2,2,0.2,12,13,13,0,78.2248,1.92308,12,0,0,1.34771,0,-1,0.1,0.1,0.1,0,0,0,1,1,1
fixed-count,random,21,4,272.518,14311.8,20768,21088.6,0,0,0,7136.67,44.6255,10771.1,16713.6,170.56,2.44,4,4,0.0243902,6,7,7,0,65.4043,3.57143,6,0,0,1.19759,0,-1,0.1,0.1,0.1,0,0,0,1,1,1
exchange-hot-guard,hot,22,4,145.106,3705.92,5482.72,5643.88,29777.8,37702.1,39042.6,1174.83,51.0415,13113.4,33620,173.8,0.4,4,9,0.0243902,22,22,22,0,127.693,1.13636,16,0,0,2.53086,1,6.012,0,0,0,0,0,0,1,1,1
strict-random,random,22,4,169.412,20755,34233.7,38160.8,0,0,0,8625.12,53.8125,14911.1,19120.1,171.52,1.48,2,2,0.2,12,13,13,0,81.318,1.92308,12,0,0,0.872958,0,-1,0.1,0.1,0.1,0,0,0,1,1,1
strict-hot,hot,22,4,200.208,18525.7,27654.5,29373.7,0,0,0,7037.42,41.4585,17319,17812.6,171.52,1.48,2,2,0.2,12,13,13,0,96.0998,1.92308,12,0,0,3.73222,0,-1,0.1,0.1,0.1,0,0,0,1,1,1
stable-group,random,22,4,227.062,0,0,0,12959.4,23885.1,23902.5,1173,48.5835,13384.7,21167,174.44,0,0,0,0.4,7,7,7,0,63.5774,3.57143,0,0,0,1,0,-1,0,0,0,0,0,0,1,1,1
exchange-hot,hot,22,4,471.141,6358.96,14949.9,15112.7,0,0,0,6249.25,38.875,4826.06,8426.58,168.32,4.68,9,9,0.0486486,2,3,3,0,37.6913,8.33333,2,0,0,4.24021,0,-1,0.3,0.3,0.3,5.55112e-17,0,0,1,1,1
exchange-random,random,22,4,515.056,5913.79,11443.3,11507.7,0,0,0,7359.38,34.3125,7608.95,10456.9,168.32,4.68,9,9,0.0486486,2,3,3,0,41.2044,8.33333,2,0,0,1.18331,0,-1,0.2,0.2,0.2,0,0,0,1,1,1
fixed-time,random,22,4,313.048,11779.4,16973.3,19144.5,0,0,0,802.375,46.604,96.2481,27290.4,170.92,2.08,4,1638,0.0243902,7,8,8,0,87.6534,3.125,0,8,0,1,0,-1,0,0,0,0,0,0,1,1,1
fixed-count,random,22,4,237.415,14336.4,22328.8,23839.2,0,0,0,6487.04,51.8335,14466.5,17481.9,170.56,2.44,4,4,0.0243902,6,7,7,0,56.9796,3.57143,6,0,0,0.780919,0,-1,0.1,0.1,0.1,0,0,0,1,1,1
exchange-hot,hot,23,4,461.65,7207.08,14526.1,14758.2,0,0,0,6292.79,33.229,8082.82,12824.7,168.32,4.68,9,9,0.0486486,2,3,3,0,36.932,8.33333,2,0,0,4.25195,0,-1,0.3,0.3,0.3,5.55112e-17,0,0,1,1,1
stable-group,random,23,4,318.2,0,0,0,10881.8,13782.7,13797.8,1159.92,25.2705,9656.67,11831.4,174.44,0,0,0,0.4,7,7,7,0,89.0961,3.57143,0,0,0,1,0,-1,0,0,0,0,0,0,1,1,1
strict-hot,hot,23,4,221.738,17310.4,22018.3,23001.2,0,0,0,6677.92,49.646,16714,19065.8,171.52,1.48,2,2,0.2,12,13,13,0,106.434,1.92308,12,0,0,3.44925,0,-1,0.1,0.1,0.1,0,0,0,1,1,1
exchange-hot-guard,hot,23,4,99.14,3495.29,5064.4,5204.18,51749.1,61851.6,61874.8,898.708,48.3125,17841.2,47899.5,173.8,0.4,4,9,0.0243902,22,22,22,0,87.2432,1.13636,16,0,0,2.7033,1,5.336,0,0,0,0,0,0,1,1,1
fixed-count,random,23,4,295.458,11761,17127.7,20654.6,0,0,0,7292.88,33.9995,10986.9,14946.2,170.56,2.44,4,4,0.0243902,6,7,7,0,70.9099,3.57143,6,0,0,0.393736,0,-1,0,0,0,0,0,0,1,1,1
strict-random,random,23,4,172.492,18942.5,34271.3,36700.3,0,0,0,4314.83,36.6255,22662.6,33925.2,171.52,1.48,2,2,0.2,12,13,13,0,82.7959,1.92308,12,0,0,0.644095,0,-1,0,0,0,0,0,0,1,1,1
exchange-random,random,23,4,488.103,6467.79,12624.8,12792.8,0,0,0,6307.17,29.979,8149.57,11102.6,168.32,4.68,9,9,0.0486486,2,3,3,0,39.0482,8.33333,2,0,0,0.798071,0,-1,0.1,0.1,0.1,0,0,0,1,1,1
fixed-time,random,23,4,360.28,9382,16716.6,19370.9,0,0,0,1172.08,34.604,53.5687,66.1877,170.92,2.08,4,1638,0.0243902,7,8,8,0,100.878,3.125,0,8,0,1,0,-1,0,0,0,0,0,0,1,1,1
exchange-hot,hot,24,4,473.64,6321.75,14625.9,14817,0,0,0,7344.96,36.75,7233.11,12649.7,168.32,4.68,9,9,0.0486486,2,3,3,0,37.8912,8.33333,2,0,0,4.2312,0,-1,0.3,0.3,0.3,5.55112e-17,0,0,1,1,1
exchange-random,random,24,4,450.66,7215.71,13220.6,13277.6,0,0,0,5550.71,52.5835,2969.98,8801.93,168.32,4.68,9,9,0.0486486,2,3,3,0,36.0528,8.33333,2,0,0,1.26934,0,-1,0.2,0.2,0.2,0,0,0,1,1,1
strict-random,random,24,4,199.396,16342.3,30402.2,31809.7,0,0,0,5763.54,34.812,17668.2,26704.9,171.52,1.48,2,2,0.2,12,13,13,0,95.7103,1.92308,12,0,0,1.04853,0,-1,0.1,0.1,0.1,0,0,0,1,1,1
fixed-count,random,24,4,251.154,12038.8,18756,24969.1,0,0,0,9113.25,37.1665,9852.89,15162.2,170.56,2.44,4,4,0.0243902,6,7,7,0,60.2768,3.57143,6,0,0,1.1416,0,-1,0.1,0.1,0.1,0,0,0,1,1,1
fixed-time,random,24,4,359.004,11029.6,16312.8,17173.9,0,0,0,1147.58,9.417,19.3394,51322,170.92,2.08,4,1638,0.0243902,7,8,8,0,100.521,3.125,0,8,0,1,0,-1,0,0,0,0,0,0,1,1,1
strict-hot,hot,24,4,255.523,15118.8,19369.3,19748.2,0,0,0,6330.88,10.771,14254.3,17489.7,171.52,1.48,2,2,0.2,12,13,13,0,122.651,1.92308,12,0,0,3.63436,0,-1,0.1,0.1,0.1,0,0,0,1,1,1
stable-group,random,24,4,342.029,0,0,0,10761.9,12868.9,12876.5,1145.42,11.0835,8583.31,10228.2,174.44,0,0,0,0.4,7,7,7,0,95.7681,3.57143,0,0,0,1,0,-1,0,0,0,0,0,0,1,1,1
exchange-hot-guard,hot,24,4,155.754,4102.94,5919.9,6081.41,28827.1,35566.3,37121,1163.21,34.3125,26609.7,30751.9,173.8,0.4,4,9,0.0243902,22,22,22,0,137.064,1.13636,16,0,0,2.53086,1,6.299,0,0,0,0,0,0,1,1,1
exchange-random,random,25,4,470.668,6316.58,12937.6,13500.7,0,0,0,7054.5,35.3125,8572.57,11991.8,168.32,4.68,9,9,0.0486486,2,3,3,0,37.6535,8.33333,2,0,0,1.04299,0,-1,0.2,0.2,0.2,0,0,0,1,1,1
exchange-hot,hot,25,4,489.788,6915.71,12046.9,12410.2,0,0,0,5976.33,30.167,7768.15,10976.3,168.32,4.68,9,9,0.0486486,2,3,3,0,39.183,8.33333,2,0,0,4.24382,0,-1,0.3,0.3,0.3,5.55112e-17,0,0,1,1,1
strict-hot,hot,25,4,235.668,16011.2,22807.6,22972.5,0,0,0,6644.17,36.6875,11157.5,15484.9,171.52,1.48,2,2,0.2,12,13,13,0,113.121,1.92308,12,0,0,3.86886,0,-1,0.1,0.1,0.1,0,0,0,1,1,1
fixed-count,random,25,4,308.611,12122.8,16302.6,16714.5,0,0,0,6164.21,38.958,12991.2,15586.4,170.56,2.44,4,4,0.0243902,6,7,7,0,74.0667,3.57143,6,0,0,0.890905,0,-1,0.1,0.1,0.1,0,0,0,1,1,1
strict-random,random,25,4,220.724,16453.5,28986,29738.3,0,0,0,6910.75,27.708,6342.77,24173.8,171.52,1.48,2,2,0.2,12,13,13,0,105.948,1.92308,12,0,0,0.64481,0,-1,0.1,0.1,0.1,0,0,0,1,1,1
fixed-time,random,25,4,311.343,11868.8,18069.2,19218.9,0,0,0,1158.29,49.021,80.1023,58734.4,170.92,2.08,4,1638,0.0243902,7,8,8,0,87.176,3.125,0,8,0,1,0,-1,0,0,0,0,0,0,1,1,1
stable-group,random,25,4,295.712,0,0,0,11836.3,15666.7,15675.1,1156.79,37.5625,10821.6,13546.9,174.44,0,0,0,0.4,7,7,7,0,82.7995,3.57143,0,0,0,1,0,-1,0,0,0,0,0,0,1,1,1
exchange-hot-guard,hot,25,4,118.808,3540.65,5131.8,5269.49,36758.2,49035.5,49039.1,1156.08,39.229,31406.4,43920.3,173.8,0.4,4,9,0.0243902,22,22,22,0,104.551,1.13636,16,0,0,2.53086,1,5.576,0,0,0,0,0,0,1,1,1
exchange-hot,hot,26,4,397.615,9888.75,13807.2,14866.2,0,0,0,7422.75,45.9585,9738.07,11179.4,168.32,4.68,9,9,0.0486486,2,3,3,0,31.8092,8.33333,2,0,0,4.25335,0,-1,0.3,0.3,0.3,5.55112e-17,0,0,1,1,1
strict-random,random,26,4,150.656,21251.1,33903.9,37682.8,0,0,0,6175.58,38.396,24183.7,31257.3,171.52,1.48,2,2,0.2,12,13,13,0,72.3148,1.92308,12,0,0,0.630186,0,-1,0.1,0.1,0.1,0,0,0,1,1,1
fixed-count,random,26,4,341.628,11152.7,14991.6,15067.7,0,0,0,5798.79,40.917,10822,13229.6,170.56,2.44,4,4,0.0243902,6,7,7,0,81.9907,3.57143,6,0,0,0.651346,0,-1,0.1,0.1,0.1,0,0,0,1,1,1
stable-group,random,26,4,237.567,0,0,0,13730,24753.8,24772,1162.75,50.375,11827.2,13316.4,174.44,0,0,0,0.4,7,7,7,0,66.5188,3.57143,0,0,0,1,0,-1,0,0,0,0,0,0,1,1,1
strict-hot,hot,26,4,140.866,31687.8,39292.6,43475.6,0,0,0,7893.54,50.8335,33078.3,36497.8,171.52,1.48,2,2,0.2,12,13,13,0,67.6157,1.92308,12,0,0,3.41899,0,-1,0.1,0.1,0.1,0,0,0,1,1,1
exchange-random,random,26,4,317.073,12689.5,18118.3,19780.5,0,0,0,5883.12,49.729,10093.6,17107.9,168.32,4.68,9,9,0.0486486,2,3,3,0,25.3659,8.33333,2,0,0,0.967734,0,-1,0.2,0.2,0.2,0,0,0,1,1,1
exchange-hot-guard,hot,26,4,110.041,4464.88,7369.82,7582.6,38741.4,52884.1,52895.9,1179,52.375,19678,37124.3,173.8,0.4,4,9,0.0243902,22,22,22,0,96.8358,1.13636,16,0,0,2.53086,1,7.762,0,0,0,0,0,0,1,1,1
fixed-time,random,26,4,326.34,11432.5,16635,16752,0,0,0,1153.71,46.604,74.4795,16962.5,170.92,2.08,4,1638,0.0243902,7,8,8,0,91.3751,3.125,0,8,0,1,0,-1,0,0,0,0,0,0,1,1,1
fixed-count,random,27,4,338.998,10805.6,17000.5,17333.7,0,0,0,7344.54,26.2705,10628.6,14762,170.56,2.44,4,4,0.0243902,6,7,7,0,81.3596,3.57143,6,0,0,1.0401,0,-1,0.1,0.1,0.1,0,0,0,1,1,1
exchange-random,random,27,4,513.292,6108.92,11808.5,12200.5,0,0,0,7514.79,13.583,4926.83,9657.67,168.32,4.68,9,9,0.0486486,2,3,3,0,41.0633,8.33333,2,0,0,1.17048,0,-1,0.2,0.2,0.2,0,0,0,1,1,1
strict-hot,hot,27,4,223.671,17586.7,20553.3,20722.4,0,0,0,6596.88,33.7085,15844.8,18840.6,171.52,1.48,2,2,0.2,12,13,13,0,107.362,1.92308,12,0,0,3.87749,0,-1,0.1,0.1,0.1,0,0,0,1,1,1
exchange-hot-guard,hot,27,4,113.423,3454.06,5139.68,5289.44,39560,51100,51116.6,1246.25,51.75,41716.5,48811,173.8,0.4,4,9,0.0243902,22,22,22,0,99.8124,1.13636,16,0,0,2.7033,1,5.405,0,0,0,0,0,0,1,1,1
fixed-time,random,27,4,321.301,11617.7,17112.1,17684.7,0,0,0,859.458,33.7915,117.312,55951.9,170.92,2.08,4,1638,0.0243902,7,8,8,0,89.9643,3.125,0,8,0,1,0,-1,0,0,0,0,0,0,1,1,1
exchange-hot,hot,27,4,338.887,10789.1,23486,24473.7,0,0,0,6541.33,32.6255,7720.65,19164.3,168.32,4.68,9,9,0.0486486,2,3,3,0,27.111,8.33333,2,0,0,4.22851,0,-1,0.3,0.3,0.3,5.55112e-17,0,0,1,1,1
strict-random,random,27,4,230.825,16871.7,20510.5,20592.5,0,0,0,9042,49.5625,8355.43,14931.9,171.52,1.48,2,2,0.2,12,13,13,0,110.796,1.92308,12,0,0,1.54685,0,-1,0.1,0.1,0.1,0,0,0,1,1,1
stable-group,random,27,4,259.569,0,0,0,13749.6,15857.5,15868.2,1153,42.146,11524.7,13844,174.44,0,0,0,0.4,7,7,7,0,72.6792,3.57143,0,0,0,1,0,-1,0,0,0,0,0,0,1,1,1
fixed-time,random,28,4,294.438,12834.6,20963.9,23309.7,0,0,0,930.917,34.6245,237.275,18543.8,170.92,2.08,4,1638,0.0243902,7,8,8,0,82.4427,3.125,0,8,0,0.85,0,-1,0,0,0,0,0,0,1,1,1
strict-hot,hot,28,4,159.036,20876.8,39065.9,41784.6,0,0,0,7741.83,48.104,21387.1,29880.4,171.52,1.48,2,2,0.2,12,13,13,0,76.3373,1.92308,12,0,0,3.61835,0,-1,0.1,0.1,0.1,0,0,0,1,1,1
exchange-hot-guard,hot,28,4,81.1453,3622.83,5514.61,5686.16,51903.5,78235.1,78265.7,1165.46,53.1455,18035.7,61696.3,173.8,0.4,4,9,0.0243902,22,22,22,0,71.4078,1.13636,16,0,0,2.53086,1,6.022,0,0,0,0,0,0,1,1,1
exchange-random,random,28,4,467.106,6813.83,12563.6,12643.8,0,0,0,6768.88,38.5415,8135.7,11079.7,168.32,4.68,9,9,0.0486486,2,3,3,0,37.3685,8.33333,2,0,0,0.910154,0,-1,0.2,0.2,0.2,0,0,0,1,1,1
stable-group,random,28,4,283.819,0,0,0,11873.5,15853.6,15899.1,1157.79,35.4375,13050.7,14807.3,174.44,0,0,0,0.4,7,7,7,0,79.4694,3.57143,0,0,0,1,0,-1,0,0,0,0,0,0,1,1,1
fixed-count,random,28,4,286.931,13383.9,19116.2,19835.3,0,0,0,6907.04,39.8335,6426.71,11878.9,170.56,2.44,4,4,0.0243902,6,7,7,0,68.8634,3.57143,6,0,0,1.01547,0,-1,0,0,0,0,0,0,1,1,1
exchange-hot,hot,28,4,247.081,17129.2,26524,28428.1,0,0,0,7877.46,32.7915,9620.89,14567.4,168.32,4.68,9,9,0.0486486,2,3,3,0,19.7665,8.33333,2,0,0,4.2471,0,-1,0.3,0.3,0.3,5.55112e-17,0,0,1,1,1
strict-random,random,28,4,183.002,21052.3,35707.6,37462.1,0,0,0,6731.71,35.9795,7590.34,22127.3,171.52,1.48,2,2,0.2,12,13,13,0,87.8411,1.92308,12,0,0,0.861286,0,-1,0,0,0,0,0,0,1,1,1
exchange-hot-guard,hot,29,4,119.576,3883.15,5595.18,5750.07,32847.8,49689.1,49696.7,912.917,34.9995,16631.5,43176.9,173.8,0.4,4,9,0.0243902,22,22,22,0,105.227,1.13636,16,0,0,2.7033,1,5.977,0,0,0,0,0,0,1,1,1
fixed-count,random,29,4,335.22,10951.7,15922.5,16018.4,0,0,0,7524.79,42.5,9677.03,11010.1,170.56,2.44,4,4,0.0243902,6,7,7,0,80.4528,3.57143,6,0,0,1.01484,0,-1,0.1,0.1,0.1,0,0,0,1,1,1
fixed-time,random,29,4,265.709,13497,23718.4,24369.6,0,0,0,1172.42,39.1245,100.917,121.852,170.92,2.08,4,1638,0.0243902,7,8,8,0,74.3984,3.125,0,8,0,1,0,-1,0,0,0,0,0,0,1,1,1
strict-random,random,29,4,161.684,20206.2,41543.5,46545,0,0,0,6630.75,35.229,25904.3,39365,171.52,1.48,2,2,0.2,12,13,13,0,77.6083,1.92308,12,0,0,1.08038,0,-1,0.1,0.1,0.1,0,0,0,1,1,1
exchange-random,random,29,4,485.562,6402.12,11922.3,12211.2,0,0,0,7075.96,39.9165,7381.79,11201.8,168.32,4.68,9,9,0.0486486,2,3,3,0,38.845,8.33333,2,0,0,0.964615,0,-1,0.2,0.2,0.2,0,0,0,1,1,1
stable-group,random,29,4,323.574,0,0,0,11790.1,12050.1,12054.9,1161.38,30.708,80.4314,6064.87,174.44,0,0,0,0.4,7,7,7,0,90.6008,3.57143,0,0,0,1,0,-1,0,0,0,0,0,0,1,1,1
exchange-hot,hot,29,4,429.075,7522.67,13647.5,13891.8,0,0,0,6872.17,42.5205,6703.97,10046.3,168.32,4.68,9,9,0.0486486,2,3,3,0,34.326,8.33333,2,0,0,4.24439,0,-1,0.3,0.3,0.3,5.55112e-17,0,0,1,1,1
strict-hot,hot,29,4,207.588,17704.2,23233,27636.4,0,0,0,6270.46,37.3755,16306.4,16817.7,171.52,1.48,2,2,0.2,12,13,13,0,99.6424,1.92308,12,0,0,3.61632,0,-1,0.1,0.1,0.1,0,0,0,1,1,1
