case,workload,repetition,hnsw_seed,tail_seed,writers,writes_per_s,weak_p50_us,weak_p95_us,weak_p99_us,stable_p50_us,stable_p95_us,stable_p99_us,fence_us,query_p50_us,query_p95_us,query_p99_us,mean_D,mean_W,max_W,max_cap,max_risk,timed_sync_successes,total_sync_attempts,total_sync_successes,total_sync_failures,timed_syncs_per_s,total_records_per_sync,policy_fences,age_fences,overshoots,enrichment,alarm,alarm_latency_ms,crash_frontier,crash_visible_lsn,crash_durable_lsn,crash_child_status,exposed_weak_records,surviving_weak_records,lost_weak_records,has_L_lt_M,M_max,L_max,delta_max,amplification_max,stable_losses,weak_survivors,stable_records_unchanged,cohort_records_unchanged,cohort_expectations_ok,post_recovery_suffix_ok,frontier_ok,recovery_ok,strict_ok
stable-group,random,0,100,9001,4,238.183,0,0,0,14554.3,17890.9,28225.5,1181.29,39.4795,6195,16117.7,174.36,0,0,0,0.4,7,7,7,0,66.6913,3.57143,0,0,0,1,0,-1,terminal-unfenced-suffix,1048601,1048601,-1,0,0,0,0,0,0,0,0,0,0,1,1,1,1,1,1,1
fixed-count,random,0,117,9001,4,238.739,16230.8,17793.6,18617,0,0,0,7938.58,61.021,15823.3,16279.2,170.56,2.44,4,4,0.0243902,6,7,7,0,57.2975,3.57143,6,0,0,0.860334,0,-1,terminal-unfenced-suffix,1048601,1048600,-1,1,0,1,0,0,0,0,0,0,0,1,1,1,1,1,1,1
exchange-random,random,0,117,9001,4,403.479,8090.46,13393.4,13588.5,0,0,0,6258.71,69.396,6732.24,10577.6,168.32,4.68,9,9,0.0486486,2,3,3,0,32.2783,8.33333,2,0,0,1.10191,0,-1,terminal-unfenced-suffix,1048601,1048592,-1,9,0,9,0,0.1,0.1,0.1,0,0,0,1,1,1,1,1,1,1
strict-random,random,0,117,9001,4,182.852,21674.9,23192.4,24491.5,0,0,0,8969.75,51.9165,21086,22317.1,171.52,1.48,2,2,0.2,12,13,13,0,87.7691,1.92308,12,0,0,0.681538,0,-1,terminal-unfenced-suffix,1048601,1048600,-1,1,0,1,0,0,0,0,0,0,0,1,1,1,1,1,1,1
exchange-hot,hot,0,100,45001,4,265.462,13407.6,18794.3,21412.9,0,0,0,9272.62,51.5415,13668.7,17128,168.32,4.68,9,9,0.0486486,2,3,3,0,21.2369,8.33333,2,0,0,4.22193,0,-1,terminal-unfenced-suffix,1048601,1048592,-1,9,0,9,0,0.3,0.3,0.3,5.55112e-17,0,0,1,1,1,1,1,1,1
exchange-hot-guard,hot,0,117,45001,4,84.8527,6374.98,10245,10605.8,54881.1,59871.3,61642.8,1179.25,77.146,20295.5,51027.9,173.8,0.4,4,9,0.0243902,22,22,22,0,74.6704,1.13636,16,0,0,2.30986,1,11.096,terminal-unfenced-suffix,1048601,1048601,-1,0,0,0,0,0,0,0,0,0,0,1,1,1,1,1,1,1
strict-hot,hot,0,100,45001,4,135.591,25844.9,35149.6,41708.1,0,0,0,12019.3,71.813,6896.74,21273.5,171.52,1.48,2,2,0.2,12,13,13,0,65.0835,1.92308,12,0,0,3.47074,0,-1,fence-after-sync-before-publish,2097154,1048601,86,2,2,0,1,0.2,0,0,0,0,0,1,1,1,1,1,1,1
fixed-time,random,0,100,9001,4,187.948,21698.8,30294.6,32032.7,0,0,0,1199.58,66.875,194.721,25954.5,170.92,2.08,4,1638,0.0243902,7,8,8,0,52.6255,3.125,0,8,0,0.85,0,-1,terminal-unfenced-suffix,1048601,1048601,-1,0,0,0,0,0,0,0,0,0,0,1,1,1,1,1,1,1
exchange-hot-guard,hot,1,100,45002,4,78.8396,6607.65,9977.47,10270.6,59763.2,64869.6,64872.4,1188.79,59.5,25091.8,57859.5,173.8,0.4,4,9,0.0243902,22,22,22,0,69.3789,1.13636,16,0,0,2.7033,1,10.5,terminal-unfenced-suffix,1048601,1048601,-1,0,0,0,0,0,0,0,0,0,0,1,1,1,1,1,1,1
strict-hot,hot,1,117,45002,4,153.597,25937.9,30705.9,30794.2,0,0,0,11001.5,65.417,26389.2,28678.6,171.52,1.48,2,2,0.2,12,13,13,0,73.7265,1.92308,12,0,0,3.52365,0,-1,fence-after-sync-before-publish,2097154,1048601,86,2,2,0,1,0.2,0,0,0,0,0,1,1,1,1,1,1,1
strict-random,random,1,100,9002,4,156.059,25744.3,32153.7,33538.1,0,0,0,6935.96,57.1665,24342,29614.8,171.52,1.48,2,2,0.2,12,13,13,0,74.9081,1.92308,12,0,0,0.863834,0,-1,terminal-unfenced-suffix,1048601,1048600,-1,1,0,1,0,0.1,0.1,0.1,0,0,0,1,1,1,1,1,1,1
exchange-hot,hot,1,117,45002,4,264.39,11640,22974.9,23232,0,0,0,8133.58,56.9375,16273.7,22105.9,168.32,4.68,9,9,0.0486486,2,3,3,0,21.1512,8.33333,2,0,0,4.24001,0,-1,terminal-unfenced-suffix,1048601,1048592,-1,9,0,9,0,0.3,0.3,0.3,5.55112e-17,0,0,1,1,1,1,1,1,1
stable-group,random,1,117,9002,4,151.479,0,0,0,21790.5,33758.8,33770,1170.29,82.1665,27375.3,31300.3,174.44,0,0,0,0.4,7,7,7,0,42.4142,3.57143,0,0,0,1,0,-1,terminal-unfenced-suffix,1048601,1048601,-1,0,0,0,0,0,0,0,0,0,0,1,1,1,1,1,1,1
fixed-time,random,1,117,9002,4,181.06,21534.1,29695.4,31492.6,0,0,0,1203.12,60.2915,107.704,150.08,170.92,2.08,4,1638,0.0243902,7,8,8,0,50.6969,3.125,0,8,0,1,0,-1,terminal-unfenced-suffix,1048601,1048601,-1,0,0,0,0,0,0,0,0,0,0,1,1,1,1,1,1,1
fixed-count,random,1,100,9002,4,187.018,20764.4,27156.2,27188.6,0,0,0,7254.71,65.271,21086.7,25296.5,170.56,2.44,4,4,0.0243902,6,7,7,0,44.8843,3.57143,6,0,0,0.742366,0,-1,terminal-unfenced-suffix,1048601,1048600,-1,1,0,1,0,0.1,0.1,0.1,0,0,0,1,1,1,1,1,1,1
exchange-random,random,1,100,9002,4,278.749,13412.2,23716.6,24983.1,0,0,0,9686.17,48,6574.87,18918,168.32,4.68,9,9,0.0486486,2,3,3,0,22.2999,8.33333,2,0,0,1.12413,0,-1,terminal-unfenced-suffix,1048601,1048592,-1,9,0,9,0,0.2,0.2,0.2,0,0,0,1,1,1,1,1,1,1
stable-group,random,2,100,9003,4,223.068,0,0,0,16798.9,18836.4,18858.2,1093.17,74.6665,15680,17151,174.44,0,0,0,0.4,7,7,7,0,62.4591,3.57143,0,0,0,1,0,-1,terminal-unfenced-suffix,1048601,1048601,-1,0,0,0,0,0,0,0,0,0,0,1,1,1,1,1,1,1
strict-hot,hot,2,100,45003,4,121.298,31574.8,41029.1,41502.7,0,0,0,10500.8,70.229,34586.9,38568.2,171.52,1.48,2,2,0.2,12,13,13,0,58.223,1.92308,12,0,0,3.10683,0,-1,fence-after-sync-before-publish,2097154,1048601,86,2,2,0,1,0.2,0,0,0,0,0,1,1,1,1,1,1,1
fixed-count,random,2,117,9003,4,201.116,19129,24248.7,24287.9,0,0,0,8226.38,61.208,18048.1,20034.5,170.56,2.44,4,4,0.0243902,6,7,7,0,48.2678,3.57143,6,0,0,1.08316,0,-1,terminal-unfenced-suffix,1048601,1048600,-1,1,0,1,0,0.1,0.1,0.1,0,0,0,1,1,1,1,1,1,1
exchange-random,random,2,117,9003,4,223.757,16668.9,25971.6,26343.8,0,0,0,8224.96,62.458,18975.5,23771.5,168.32,4.68,9,9,0.0486486,2,3,3,0,17.9005,8.33333,2,0,0,0.773014,0,-1,terminal-unfenced-suffix,1048601,1048592,-1,9,0,9,0,0.2,0.2,0.2,0,0,0,1,1,1,1,1,1,1
exchange-hot-guard,hot,2,117,45003,4,72.4419,6899.15,10581.9,10898.2,58161.8,91644.3,91659,1165.96,60.729,53771.7,79480.6,173.8,0.4,4,9,0.0243902,22,22,22,0,63.7489,1.13636,16,0,0,2.30986,1,11.502,terminal-unfenced-suffix,1048601,1048601,-1,0,0,0,0,0,0,0,0,0,0,1,1,1,1,1,1,1
fixed-time,random,2,100,9003,4,203.076,18799.8,26543.9,31059.6,0,0,0,1224.17,63.104,92.7785,401.974,170.92,2.08,4,1638,0.0243902,7,8,8,0,56.8612,3.125,0,8,0,1,0,-1,terminal-unfenced-suffix,1048601,1048601,-1,0,0,0,0,0,0,0,0,0,0,1,1,1,1,1,1,1
strict-random,random,2,117,9003,4,132.585,28815.5,37592,38634.3,0,0,0,8243.12,72.8755,7251.7,25395.4,171.52,1.48,2,2,0.2,12,13,13,0,63.641,1.92308,12,0,0,0.454246,0,-1,terminal-unfenced-suffix,1048601,1048600,-1,1,0,1,0,0.1,0.1,0.1,0,0,0,1,1,1,1,1,1,1
exchange-hot,hot,2,100,45003,4,247.202,12486.8,28573.6,28760.2,0,0,0,7658.33,74.667,15117,24980.4,168.32,4.68,9,9,0.0486486,2,3,3,0,19.7761,8.33333,2,0,0,4.27371,0,-1,terminal-unfenced-suffix,1048601,1048592,-1,9,0,9,0,0.3,0.3,0.3,5.55112e-17,0,0,1,1,1,1,1,1,1
exchange-hot-guard,hot,3,100,45004,4,91.5786,7477,10519.2,10776.2,48929.4,61675.3,61719.6,1179.92,75.3125,47252.9,56961.9,173.8,0.4,4,9,0.0243902,22,22,22,0,80.5892,1.13636,16,0,0,2.7033,1,10.969,terminal-unfenced-suffix,1048601,1048601,-1,0,0,0,0,0,0,0,0,0,0,1,1,1,1,1,1,1
fixed-time,random,3,117,9004,4,179.671,21798.4,29179.9,32279.8,0,0,0,1209.75,62.75,129.169,101183,170.92,2.08,4,1638,0.0243902,7,8,8,0,50.3079,3.125,0,8,0,1,0,-1,terminal-unfenced-suffix,1048601,1048601,-1,0,0,0,0,0,0,0,0,0,0,1,1,1,1,1,1,1
exchange-random,random,3,100,9004,4,233.872,14691.8,27082.8,27370.3,0,0,0,8674.38,72.0205,169.969,13450.3,168.32,4.68,9,9,0.0486486,2,3,3,0,18.7097,8.33333,2,0,0,1.54808,0,-1,terminal-unfenced-suffix,1048601,1048592,-1,9,0,9,0,0.2,0.2,0.2,0,0,0,1,1,1,1,1,1,1
exchange-hot,hot,3,117,45004,4,241.422,13541.8,24207.6,24329.1,0,0,0,7191.75,59.521,17942.6,21830.3,168.32,4.68,9,9,0.0486486,2,3,3,0,19.3137,8.33333,2,0,0,4.28429,0,-1,terminal-unfenced-suffix,1048601,1048592,-1,9,0,9,0,0.3,0.3,0.3,5.55112e-17,0,0,1,1,1,1,1,1,1
fixed-count,random,3,100,9004,4,187.195,18636.1,36604.7,37548.6,0,0,0,8412.79,79.271,3915.37,19113.8,170.56,2.44,4,4,0.0243902,6,7,7,0,44.9269,3.57143,6,0,0,1.34833,0,-1,terminal-unfenced-suffix,1048601,1048600,-1,1,0,1,0,0.1,0.1,0.1,0,0,0,1,1,1,1,1,1,1
stable-group,random,3,117,9004,4,148.69,0,0,0,25813.4,29787.2,29788.6,1190.04,76.7085,14587.4,24218.2,174.44,0,0,0,0.4,7,7,7,0,41.6331,3.57143,0,0,0,1,0,-1,terminal-unfenced-suffix,1048601,1048601,-1,0,0,0,0,0,0,0,0,0,0,1,1,1,1,1,1,1
strict-hot,hot,3,117,45004,4,235.523,16597.2,19715.3,19994.4,0,0,0,7853.75,13.104,13829.8,17813.3,171.52,1.48,2,2,0.2,12,13,13,0,113.051,1.92308,12,0,0,3.72272,0,-1,fence-after-sync-before-publish,2097154,1048601,86,2,2,0,1,0.2,0,0,0,0,0,1,1,1,1,1,1,1
strict-random,random,3,100,9004,4,144.719,26764.8,41838.9,42018.9,0,0,0,8488.17,52.083,27729.7,37142.7,171.52,1.48,2,2,0.2,12,13,13,0,69.4651,1.92308,12,0,0,2.0108,0,-1,terminal-unfenced-suffix,1048601,1048600,-1,1,0,1,0,0.1,0.1,0.1,0,0,0,1,1,1,1,1,1,1
exchange-random,random,4,117,9005,4,280.149,12323.7,19762.7,19860.4,0,0,0,8071,65.479,14860.4,19020.9,168.32,4.68,9,9,0.0486486,2,3,3,0,22.4119,8.33333,2,0,0,1.20305,0,-1,terminal-unfenced-suffix,1048601,1048592,-1,9,0,9,0,0.2,0.2,0.2,0,0,0,1,1,1,1,1,1,1
fixed-time,random,4,100,9005,4,229.774,15535,26495.1,28152.2,0,0,0,1152.96,42,135.358,80627.1,170.92,2.08,4,1638,0.0243902,7,8,8,0,64.3369,3.125,0,8,0,1,0,-1,terminal-unfenced-suffix,1048601,1048601,-1,0,0,0,0,0,0,0,0,0,0,1,1,1,1,1,1,1
strict-random,random,4,117,9005,4,169.745,22089,28402.8,28874.6,0,0,0,7915.04,69.125,21848.3,23384.9,171.52,1.48,2,2,0.2,12,13,13,0,81.4778,1.92308,12,0,0,1.11042,0,-1,terminal-unfenced-suffix,1048601,1048600,-1,1,0,1,0,0.1,0.1,0.1,0,0,0,1,1,1,1,1,1,1
exchange-hot,hot,4,100,45005,4,232.876,14601.4,28103.5,28235.9,0,0,0,8646.54,69.4375,12872.2,15387.8,168.32,4.68,9,9,0.0486486,2,3,3,0,18.63,8.33333,2,0,0,4.26705,0,-1,terminal-unfenced-suffix,1048601,1048592,-1,9,0,9,0,0.3,0.3,0.3,5.55112e-17,0,0,1,1,1,1,1,1,1
fixed-count,random,4,117,9005,4,181.252,21355,29143.3,30870.1,0,0,0,6163.17,74.0415,21617.7,26866.4,170.56,2.44,4,4,0.0243902,6,7,7,0,43.5004,3.57143,6,0,0,0.865847,0,-1,terminal-unfenced-suffix,1048601,1048600,-1,1,0,1,0,0.1,0.1,0.1,0,0,0,1,1,1,1,1,1,1
exchange-hot-guard,hot,4,117,45005,4,83.2544,5265.17,10487.5,11048.9,53930.3,63606.7,63637.1,2329.58,42.375,48948.6,59498.9,173.8,0.4,4,9,0.0243902,22,22,22,0,73.2639,1.13636,16,0,0,2.7033,1,11.286,terminal-unfenced-suffix,1048601,1048601,-1,0,0,0,0,0,0,0,0,0,0,1,1,1,1,1,1,1
stable-group,random,4,100,9005,4,209.806,0,0,0,14459.3,33875.3,33893.5,1158.17,20.6045,12544.4,13927.8,174.44,0,0,0,0.4,7,7,7,0,58.7458,3.57143,0,0,0,1,0,-1,terminal-unfenced-suffix,1048601,1048601,-1,0,0,0,0,0,0,0,0,0,0,1,1,1,1,1,1,1
strict-hot,hot,4,100,45005,4,202.495,19042.8,22049.4,22148.2,0,0,0,8217.58,62.625,18889.2,20888.7,171.52,1.48,2,2,0.2,12,13,13,0,97.1978,1.92308,12,0,0,3.22281,0,-1,fence-after-sync-before-publish,2097154,1048601,86,2,2,0,1,0.2,0,0,0,0,0,1,1,1,1,1,1,1
stable-group,random,5,117,9006,4,183.635,0,0,0,18960.1,22451.6,22475.9,1200.96,59.708,18525.6,20855.7,174.44,0,0,0,0.4,7,7,7,0,51.4178,3.57143,0,0,0,1,0,-1,terminal-unfenced-suffix,1048601,1048601,-1,0,0,0,0,0,0,0,0,0,0,1,1,1,1,1,1,1
exchange-hot,hot,5,117,45006,4,289.385,11487.6,19512.7,19975.2,0,0,0,9083.79,63.771,10781.5,15578.3,168.32,4.68,9,9,0.0486486,2,3,3,0,23.1508,8.33333,2,0,0,4.22669,0,-1,terminal-unfenced-suffix,1048601,1048592,-1,9,0,9,0,0.3,0.3,0.3,5.55112e-17,0,0,1,1,1,1,1,1,1
strict-random,random,5,100,9006,4,128.466,30314.2,38194.3,38435.7,0,0,0,6937.46,74.875,28717.8,33825.2,171.52,1.48,2,2,0.2,12,13,13,0,61.6637,1.92308,12,0,0,1.09531,0,-1,terminal-unfenced-suffix,1048601,1048600,-1,1,0,1,0,0.1,0.1,0.1,0,0,0,1,1,1,1,1,1,1
exchange-hot-guard,hot,5,100,45006,4,96.8137,5624.62,8906.61,9202.39,48667.7,50709,52391.1,970.5,67.542,48241.4,49164.5,173.8,0.4,4,9,0.0243902,22,22,22,0,85.196,1.13636,16,0,0,2.30986,1,9.707,terminal-unfenced-suffix,1048601,1048601,-1,0,0,0,0,0,0,0,0,0,0,1,1,1,1,1,1,1
strict-hot,hot,5,117,45006,4,139.176,27924.3,34212.1,35191.6,0,0,0,17627.5,71.604,28759,33010.5,171.52,1.48,2,2,0.2,12,13,13,0,66.8043,1.92308,12,0,0,3.42813,0,-1,fence-after-sync-before-publish,2097154,1048601,86,2,2,0,1,0.2,0,0,0,0,0,1,1,1,1,1,1,1
exchange-random,random,5,100,9006,4,332.304,9733.75,17796.4,17910.8,0,0,0,6462.08,39.771,8239,10373.7,168.32,4.68,9,9,0.0486486,2,3,3,0,26.5844,8.33333,2,0,0,1.13606,0,-1,terminal-unfenced-suffix,1048601,1048592,-1,9,0,9,0,0.1,0.1,0.1,0,0,0,1,1,1,1,1,1,1
fixed-count,random,5,100,9006,4,261.651,13794.2,19484.6,19812,0,0,0,7002.17,66.9375,9701.36,13086.2,170.56,2.44,4,4,0.0243902,6,7,7,0,62.7961,3.57143,6,0,0,1.35893,0,-1,terminal-unfenced-suffix,1048601,1048600,-1,1,0,1,0,0.1,0.1,0.1,0,0,0,1,1,1,1,1,1,1
fixed-time,random,5,117,9006,4,199.267,19115.1,27895.7,28884.4,0,0,0,1207.62,47.8755,127.112,16334.1,170.92,2.08,4,1638,0.0243902,7,8,8,0,55.7948,3.125,0,8,0,0.847716,0,-1,terminal-unfenced-suffix,1048601,1048601,-1,0,0,0,0,0,0,0,0,0,0,1,1,1,1,1,1,1
exchange-hot,hot,6,100,45007,4,289.699,11965.5,19206.9,19390.4,0,0,0,7311.54,56.8745,5467.35,10632.5,168.32,4.68,9,9,0.0486486,2,3,3,0,23.1759,8.33333,2,0,0,4.26612,0,-1,terminal-unfenced-suffix,1048601,1048592,-1,9,0,9,0,0.3,0.3,0.3,5.55112e-17,0,0,1,1,1,1,1,1,1
strict-random,random,6,117,9007,4,162.504,24100.4,28201.3,28824.5,0,0,0,8860.46,48.625,22973.3,25193.6,171.52,1.48,2,2,0.2,12,13,13,0,78.0017,1.92308,12,0,0,0.835026,0,-1,terminal-unfenced-suffix,1048601,1048600,-1,1,0,1,0,0.1,0.1,0.1,0,0,0,1,1,1,1,1,1,1
fixed-count,random,6,117,9007,4,212.722,18754.1,20538.9,20793.8,0,0,0,8580.42,72.583,18684.7,19605.8,170.56,2.44,4,4,0.0243902,6,7,7,0,51.0532,3.57143,6,0,0,0.853168,0,-1,terminal-unfenced-suffix,1048601,1048600,-1,1,0,1,0,0.1,0.1,0.1,0,0,0,1,1,1,1,1,1,1
exchange-hot-guard,hot,6,117,45007,4,93.5892,5518.48,8651.22,8904.34,48809,55831.9,55832.2,1204.42,36.4995,48633.9,53239.5,173.8,0.4,4,9,0.0243902,22,22,22,0,82.3585,1.13636,16,0,0,2.53086,1,9.317,terminal-unfenced-suffix,1048601,1048601,-1,0,0,0,0,0,0,0,0,0,0,1,1,1,1,1,1,1
strict-hot,hot,6,100,45007,4,144.638,26964.9,34877.9,35634.2,0,0,0,9930.62,62.771,28087.2,32841.7,171.52,1.48,2,2,0.2,12,13,13,0,69.4264,1.92308,12,0,0,3.09959,0,-1,fence-after-sync-before-publish,2097154,1048601,86,2,2,0,1,0.2,0,0,0,0,0,1,1,1,1,1,1,1
fixed-time,random,6,100,9007,4,180.245,22589.9,28875.4,32961.9,0,0,0,1190.67,62.0835,175.441,101806,170.92,2.08,4,1638,0.0243902,7,8,8,0,50.4685,3.125,0,8,0,1,0,-1,terminal-unfenced-suffix,1048601,1048601,-1,0,0,0,0,0,0,0,0,0,0,1,1,1,1,1,1,1
exchange-random,random,6,117,9007,4,240.875,13340.1,24696.4,24930.6,0,0,0,8333,68.542,11919.8,17492.3,168.32,4.68,9,9,0.0486486,2,3,3,0,19.27,8.33333,2,0,0,0.911279,0,-1,terminal-unfenced-suffix,1048601,1048592,-1,9,0,9,0,0.3,0.3,0.3,5.55112e-17,0,0,1,1,1,1,1,1,1
stable-group,random,6,100,9007,4,189.488,0,0,0,18778.8,21968,21988.2,1272.96,59.187,17790.8,19900.2,174.44,0,0,0,0.4,7,7,7,0,53.0567,3.57143,0,0,0,1,0,-1,terminal-unfenced-suffix,1048601,1048601,-1,0,0,0,0,0,0,0,0,0,0,1,1,1,1,1,1,1
exchange-hot,hot,7,117,45008,4,265.12,12609.7,24320.3,24524,0,0,0,7272.67,69.7505,15388.8,22061.5,168.32,4.68,9,9,0.0486486,2,3,3,0,21.2096,8.33333,2,0,0,4.27456,0,-1,terminal-unfenced-suffix,1048601,1048592,-1,9,0,9,0,0.3,0.3,0.3,5.55112e-17,0,0,1,1,1,1,1,1,1
fixed-count,random,7,100,9008,4,228.282,17104.6,20314.1,20525.8,0,0,0,8265.88,60.5835,16886.6,19099.3,170.56,2.44,4,4,0.0243902,6,7,7,0,54.7878,3.57143,6,0,0,1.47281,0,-1,terminal-unfenced-suffix,1048601,1048600,-1,1,0,1,0,0.1,0.1,0.1,0,0,0,1,1,1,1,1,1,1
strict-random,random,7,100,9008,4,145.628,27090.9,34520.7,35352.8,0,0,0,7925.75,66.6455,27595.9,33024.3,171.52,1.48,2,2,0.2,12,13,13,0,69.9016,1.92308,12,0,0,1.31192,0,-1,terminal-unfenced-suffix,1048601,1048600,-1,1,0,1,0,0.1,0.1,0.1,0,0,0,1,1,1,1,1,1,1
stable-group,random,7,117,9008,4,199.663,0,0,0,18832.7,19748,19764.9,1181.29,52.0205,17809,17942.9,174.44,0,0,0,0.4,7,7,7,0,55.9056,3.57143,0,0,0,1,0,-1,terminal-unfenced-suffix,1048601,1048601,-1,0,0,0,0,0,0,0,0,0,0,1,1,1,1,1,1,1
fixed-time,random,7,117,9008,4,184.406,21871.4,29594.5,32066.5,0,0,0,1062.17,62.4995,116.854,17726.7,170.92,2.08,4,1638,0.0243902,7,8,8,0,51.6337,3.125,0,8,0,1,0,-1,terminal-unfenced-suffix,1048601,1048601,-1,0,0,0,0,0,0,0,0,0,0,1,1,1,1,1,1,1
strict-hot,hot,7,117,45008,4,154.246,24493.9,36259.2,36772.7,0,0,0,6404.46,52.5415,7484.03,21426.7,171.52,1.48,2,2,0.2,12,13,13,0,74.0383,1.92308,12,0,0,3.51774,0,-1,fence-after-sync-before-publish,2097154,1048601,86,2,2,0,1,0.2,0,0,0,0,0,1,1,1,1,1,1,1
exchange-random,random,7,100,9008,4,302.074,11090.7,17390.3,20014.8,0,0,0,7690.88,69.8955,12370.1,19101.9,168.32,4.68,9,9,0.0486486,2,3,3,0,24.1659,8.33333,2,0,0,1.14554,0,-1,terminal-unfenced-suffix,1048601,1048592,-1,9,0,9,0,0.1,0.1,0.1,0,0,0,1,1,1,1,1,1,1
exchange-hot-guard,hot,7,100,45008,4,92.2761,5684.6,8992.93,9293.75,48751.2,55207.2,55212.1,1193.71,59.5835,20570.1,51552.6,173.8,0.4,4,9,0.0243902,22,22,22,0,81.2029,1.13636,16,0,0,2.53086,1,9.709,terminal-unfenced-suffix,1048601,1048601,-1,0,0,0,0,0,0,0,0,0,0,1,1,1,1,1,1,1
strict-random,random,8,117,9009,4,148.024,24823.8,34580.4,36516.7,0,0,0,7576.46,49.9995,23965.2,30862.2,171.52,1.48,2,2,0.2,12,13,13,0,71.0514,1.92308,12,0,0,1.76783,0,-1,terminal-unfenced-suffix,1048601,1048600,-1,1,0,1,0,0.1,0.1,0.1,0,0,0,1,1,1,1,1,1,1
fixed-time,random,8,100,9009,4,245.873,15431.8,23361.4,24214.7,0,0,0,969.875,65.3125,130.921,78260.5,170.92,2.08,4,1638,0.0243902,7,8,8,0,68.8444,3.125,0,8,0,1,0,-1,terminal-unfenced-suffix,1048601,1048601,-1,0,0,0,0,0,0,0,0,0,0,1,1,1,1,1,1,1
exchange-random,random,8,117,9009,4,256.15,12477.4,31702,32509.7,0,0,0,7756.46,44.5835,9617.51,14941.9,168.32,4.68,9,9,0.0486486,2,3,3,0,20.492,8.33333,2,0,0,1.21354,0,-1,terminal-unfenced-suffix,1048601,1048592,-1,9,0,9,0,0.2,0.2,0.2,0,0,0,1,1,1,1,1,1,1
fixed-count,random,8,117,9009,4,246.414,14069.5,21253.5,24129.4,0,0,0,7957.54,60.146,13528.7,18493.7,170.56,2.44,4,4,0.0243902,6,7,7,0,59.1395,3.57143,6,0,0,0.666738,0,-1,terminal-unfenced-suffix,1048601,1048600,-1,1,0,1,0,0.1,0.1,0.1,0,0,0,1,1,1,1,1,1,1
strict-hot,hot,8,100,45009,4,130.123,27140.5,41308.4,42435.1,0,0,0,14968.8,62.5005,25411.3,29988.1,171.52,1.48,2,2,0.2,12,13,13,0,62.4591,1.92308,12,0,0,3.46617,0,-1,fence-after-sync-before-publish,2097154,1048601,86,2,2,0,1,0.2,0,0,0,0,0,1,1,1,1,1,1,1
exchange-hot-guard,hot,8,117,45009,4,86.7937,5709.08,8813.57,9079.61,55810.7,62730.3,62730.5,1198.46,62.291,48856.8,57491.5,173.8,0.4,4,9,0.0243902,22,22,22,0,76.3785,1.13636,16,0,0,2.53086,1,9.58,terminal-unfenced-suffix,1048601,1048601,-1,0,0,0,0,0,0,0,0,0,0,1,1,1,1,1,1,1
stable-group,random,8,100,9009,4,164.053,0,0,0,22891,26834.2,26886,1192.58,54.5,23175.9,25209.4,174.44,0,0,0,0.4,7,7,7,0,45.935,3.57143,0,0,0,1,0,-1,terminal-unfenced-suffix,1048601,1048601,-1,0,0,0,0,0,0,0,0,0,0,1,1,1,1,1,1,1
exchange-hot,hot,8,100,45009,4,249.503,13564,21378.5,25162.8,0,0,0,8733.21,66.8125,10197.6,21840.7,168.32,4.68,9,9,0.0486486,2,3,3,0,19.9602,8.33333,2,0,0,4.26361,0,-1,terminal-unfenced-suffix,1048601,1048592,-1,9,0,9,0,0.3,0.3,0.3,5.55112e-17,0,0,1,1,1,1,1,1,1
exchange-hot,hot,9,117,45010,4,312.67,10792.2,17536.5,17630,0,0,0,8408.83,53.625,12659,16440.9,168.32,4.68,9,9,0.0486486,2,3,3,0,25.0136,8.33333,2,0,0,4.29432,0,-1,terminal-unfenced-suffix,1048601,1048592,-1,9,0,9,0,0.3,0.3,0.3,5.55112e-17,0,0,1,1,1,1,1,1,1
stable-group,random,9,117,9010,4,182.469,0,0,0,19036.3,27805.6,27809.1,1156.38,56.5625,4364.58,15393.9,174.44,0,0,0,0.4,7,7,7,0,51.0913,3.57143,0,0,0,1,0,-1,terminal-unfenced-suffix,1048601,1048601,-1,0,0,0,0,0,0,0,0,0,0,1,1,1,1,1,1,1
exchange-hot-guard,hot,9,100,45010,4,83.8567,6037.23,9798.26,10125.4,51468.5,64986,67398.8,1188.25,75.896,54201.7,60907.8,173.8,0.4,4,9,0.0243902,22,22,22,0,73.7939,1.13636,16,0,0,2.30986,1,10.573,terminal-unfenced-suffix,1048601,1048601,-1,0,0,0,0,0,0,0,0,0,0,1,1,1,1,1,1,1
strict-random,random,9,100,9010,4,119.223,31854.7,44678.1,48228.3,0,0,0,8290.21,65.354,28847.1,35744,171.52,1.48,2,2,0.2,12,13,13,0,57.2272,1.92308,12,0,0,0.677152,0,-1,terminal-unfenced-suffix,1048601,1048600,-1,1,0,1,0,0,0,0,0,0,0,1,1,1,1,1,1,1
fixed-time,random,9,117,9010,4,280.239,12413.7,21078.8,22842.1,0,0,0,1160,47.0835,79.5249,71255.9,170.92,2.08,4,1638,0.0243902,7,8,8,0,78.4671,3.125,0,8,0,1,0,-1,terminal-unfenced-suffix,1048601,1048601,-1,0,0,0,0,0,0,0,0,0,0,1,1,1,1,1,1,1
fixed-count,random,9,100,9010,4,185.559,19846.7,27953.9,29223.9,0,0,0,8538.21,52.3335,20694.3,27078.1,170.56,2.44,4,4,0.0243902,6,7,7,0,44.5341,3.57143,6,0,0,1.04347,0,-1,terminal-unfenced-suffix,1048601,1048600,-1,1,0,1,0,0,0,0,0,0,0,1,1,1,1,1,1,1
exchange-random,random,9,100,9010,4,250.731,15274.9,23002,23877.2,0,0,0,9357.83,68.667,10939.3,16769.6,168.32,4.68,9,9,0.0486486,2,3,3,0,20.0585,8.33333,2,0,0,0.784633,0,-1,terminal-unfenced-suffix,1048601,1048592,-1,9,0,9,0,0.1,0.1,0.1,0,0,0,1,1,1,1,1,1,1
strict-hot,hot,9,117,45010,4,127.808,31217,38125.8,41336.9,0,0,0,12023.4,66.4375,30751,35476.9,171.52,1.48,2,2,0.2,12,13,13,0,61.3476,1.92308,12,0,0,3.3194,0,-1,fence-after-sync-before-publish,2097154,1048601,86,2,2,0,1,0.2,0,0,0,0,0,1,1,1,1,1,1,1
stable-group,random,10,100,9011,4,196.625,0,0,0,18763,22657.2,22661.9,1260.54,57.2915,17339.8,18407.1,174.44,0,0,0,0.4,7,7,7,0,55.0551,3.57143,0,0,0,1,0,-1,terminal-unfenced-suffix,1048601,1048601,-1,0,0,0,0,0,0,0,0,0,0,1,1,1,1,1,1,1
strict-hot,hot,10,100,45011,4,128.304,31355.6,40429.7,40891.6,0,0,0,15129.2,72.958,30951,34462,171.52,1.48,2,2,0.2,12,13,13,0,61.5862,1.92308,12,0,0,3.48813,0,-1,fence-after-sync-before-publish,2097154,1048601,86,2,2,0,1,0.2,0,0,0,0,0,1,1,1,1,1,1,1
exchange-hot-guard,hot,10,117,45011,4,77.5441,1689.25,1689.25,1689.25,52544.2,59849.7,60062.5,1210.71,58.021,19507.4,52950.7,174.4,0.04,1,9,0.00621118,25,25,25,0,77.5441,1,19,0,0,2.2891,1,1.697,terminal-unfenced-suffix,1048601,1048601,-1,0,0,0,0,0,0,0,0,0,0,1,1,1,1,1,1,1
fixed-count,random,10,117,9011,4,202.363,18312,28442,29565.9,0,0,0,8169.75,47.4585,18026.1,24250.4,170.56,2.44,4,4,0.0243902,6,7,7,0,48.5672,3.57143,6,0,0,0.960979,0,-1,terminal-unfenced-suffix,1048601,1048600,-1,1,0,1,0,0.1,0.1,0.1,0,0,0,1,1,1,1,1,1,1
fixed-time,random,10,100,9011,4,199.974,19049.9,26459.7,28769.8,0,0,0,1161.58,37.7715,261.044,93816.1,170.92,2.08,4,1638,0.0243902,7,8,8,0,55.9929,3.125,0,8,0,1,0,-1,terminal-unfenced-suffix,1048601,1048601,-1,0,0,0,0,0,0,0,0,0,0,1,1,1,1,1,1,1
exchange-random,random,10,117,9011,4,282.116,12094.2,19382.2,19537.2,0,0,0,8135.17,56.7085,14507.6,17719.9,168.32,4.68,9,9,0.0486486,2,3,3,0,22.5693,8.33333,2,0,0,0.939457,0,-1,terminal-unfenced-suffix,1048601,1048592,-1,9,0,9,0,0.1,0.1,0.1,0,0,0,1,1,1,1,1,1,1
exchange-hot,hot,10,100,45011,4,307.432,10969.2,20646,20717.8,0,0,0,8362.17,65.8335,5713.48,16664.1,168.32,4.68,9,9,0.0486486,2,3,3,0,24.5945,8.33333,2,0,0,4.26133,0,-1,terminal-unfenced-suffix,1048601,1048592,-1,9,0,9,0,0.3,0.3,0.3,5.55112e-17,0,0,1,1,1,1,1,1,1
strict-random,random,10,117,9011,4,144.151,26314.8,34097.3,35088.7,0,0,0,8124.58,67.0835,26766,32872.6,171.52,1.48,2,2,0.2,12,13,13,0,69.1927,1.92308,12,0,0,1.11238,0,-1,terminal-unfenced-suffix,1048601,1048600,-1,1,0,1,0,0.1,0.1,0.1,0,0,0,1,1,1,1,1,1,1
strict-hot,hot,11,117,45012,4,124.526,30404.7,43957.7,44227.5,0,0,0,15275.1,70.458,15528.5,40585.1,171.52,1.48,2,2,0.2,12,13,13,0,59.7724,1.92308,12,0,0,3.26046,0,-1,fence-after-sync-before-publish,2097154,1048601,86,2,2,0,1,0.2,0,0,0,0,0,1,1,1,1,1,1,1
exchange-random,random,11,100,9012,4,323.861,10566.8,17777.3,18031.7,0,0,0,7436.67,52.7495,9865.26,13362.3,168.32,4.68,9,9,0.0486486,2,3,3,0,25.9089,8.33333,2,0,0,0.861474,0,-1,terminal-unfenced-suffix,1048601,1048592,-1,9,0,9,0,0.1,0.1,0.1,0,0,0,1,1,1,1,1,1,1
exchange-hot,hot,11,117,45012,4,487.086,6446.88,13178.5,13328.5,0,0,0,5042.12,11.729,7946.71,11922.4,168.32,4.68,9,9,0.0486486,2,3,3,0,38.9669,8.33333,2,0,0,4.20741,0,-1,terminal-unfenced-suffix,1048601,1048592,-1,9,0,9,0,0.3,0.3,0.3,5.55112e-17,0,0,1,1,1,1,1,1,1
exchange-hot-guard,hot,11,100,45012,4,149.389,3262.52,5015.61,5175.39,32747.1,36224.3,37327.6,826.25,13.354,26760,32361.4,173.8,0.4,4,9,0.0243902,22,22,22,0,131.462,1.13636,16,0,0,2.84158,1,5.258,terminal-unfenced-suffix,1048601,1048601,-1,0,0,0,0,0,0,0,0,0,0,1,1,1,1,1,1,1
fixed-time,random,11,117,9012,4,316.326,11338.2,17454.4,19452.4,0,0,0,1163.67,52.6455,99.7203,57958.4,170.92,2.08,4,1638,0.0243902,7,8,8,0,88.5713,3.125,0,8,0,1,0,-1,terminal-unfenced-suffix,1048601,1048601,-1,0,0,0,0,0,0,0,0,0,0,1,1,1,1,1,1,1
stable-group,random,11,117,9012,4,308.278,0,0,0,11803.7,14508.4,14512,1140.38,20.229,10518.1,10938.6,174.44,0,0,0,0.4,7,7,7,0,86.3179,3.57143,0,0,0,1,0,-1,terminal-unfenced-suffix,1048601,1048601,-1,0,0,0,0,0,0,0,0,0,0,1,1,1,1,1,1,1
fixed-count,random,11,100,9012,4,283.898,13863.1,14462.6,14550.7,0,0,0,8189.17,57.1875,13332,13735.5,170.56,2.44,4,4,0.0243902,6,7,7,0,68.1355,3.57143,6,0,0,1.43155,0,-1,terminal-unfenced-suffix,1048601,1048600,-1,1,0,1,0,0.1,0.1,0.1,0,0,0,1,1,1,1,1,1,1
strict-random,random,11,100,9012,4,160.145,24960.8,28298.4,28889.4,0,0,0,8697.83,75.0205,24035.7,26703.8,171.52,1.48,2,2,0.2,12,13,13,0,76.8696,1.92308,12,0,0,0.91196,0,-1,terminal-unfenced-suffix,1048601,1048600,-1,1,0,1,0,0.1,0.1,0.1,0,0,0,1,1,1,1,1,1,1
strict-hot,hot,12,100,45013,4,119.893,32905.2,45556,46595,0,0,0,14923.5,77.8545,34186.2,43376.2,171.52,1.48,2,2,0.2,12,13,13,0,57.5487,1.92308,12,0,0,3.11536,0,-1,fence-after-sync-before-publish,2097154,1048601,86,2,2,0,1,0.2,0,0,0,0,0,1,1,1,1,1,1,1
stable-group,random,12,100,9013,4,176.154,0,0,0,19530.7,25954.9,25957.5,1177.58,52.646,22072.3,24920.2,174.44,0,0,0,0.4,7,7,7,0,49.323,3.57143,0,0,0,1,0,-1,terminal-unfenced-suffix,1048601,1048601,-1,0,0,0,0,0,0,0,0,0,0,1,1,1,1,1,1,1
fixed-time,random,12,100,9013,4,186.888,21121.8,29908.9,31535.7,0,0,0,1192.62,50.0215,101.834,108865,170.92,2.08,4,1638,0.0243902,7,8,8,0,52.3286,3.125,0,8,0,1,0,-1,terminal-unfenced-suffix,1048601,1048601,-1,0,0,0,0,0,0,0,0,0,0,1,1,1,1,1,1,1
exchange-random,random,12,117,9013,4,241.61,14854.8,22727.9,26283.2,0,0,0,7749.12,72.9585,14870.5,23898.1,168.32,4.68,9,9,0.0486486,2,3,3,0,19.3288,8.33333,2,0,0,1.06614,0,-1,terminal-unfenced-suffix,1048601,1048592,-1,9,0,9,0,0.1,0.1,0.1,0,0,0,1,1,1,1,1,1,1
strict-random,random,12,117,9013,4,157.287,25044.6,32646.5,33959.7,0,0,0,8234.62,57.875,18769.8,26073.6,171.52,1.48,2,2,0.2,12,13,13,0,75.498,1.92308,12,0,0,0.70123,0,-1,terminal-unfenced-suffix,1048601,1048600,-1,1,0,1,0,0.1,0.1,0.1,0,0,0,1,1,1,1,1,1,1
fixed-count,random,12,117,9013,4,205.132,18291.8,23993.4,24186.7,0,0,0,9147.42,68.667,217.215,12880.2,170.56,2.44,4,4,0.0243902,6,7,7,0,49.2318,3.57143,6,0,0,1.20721,0,-1,terminal-unfenced-suffix,1048601,1048600,-1,1,0,1,0,0.1,0.1,0.1,0,0,0,1,1,1,1,1,1,1
exchange-hot-guard,hot,12,117,45013,4,86.4212,6526.02,10514.2,10873.4,52696.8,61783.8,61788.6,941.709,71.167,27380.6,49245.2,173.8,0.4,4,9,0.0243902,22,22,22,0,76.0507,1.13636,16,0,0,2.30986,1,11.414,terminal-unfenced-suffix,1048601,1048601,-1,0,0,0,0,0,0,0,0,0,0,1,1,1,1,1,1,1
exchange-hot,hot,12,100,45013,4,257.942,13223.8,27894.3,28535.5,0,0,0,7414.83,51.7085,14902.2,23743,168.32,4.68,9,9,0.0486486,2,3,3,0,20.6354,8.33333,2,0,0,4.28163,0,-1,terminal-unfenced-suffix,1048601,1048592,-1,9,0,9,0,0.3,0.3,0.3,5.55112e-17,0,0,1,1,1,1,1,1,1
exchange-random,random,13,100,9014,4,303.771,12119.2,17711.8,19087.2,0,0,0,8020.88,64.938,10134.4,16338.7,168.32,4.68,9,9,0.0486486,2,3,3,0,24.3017,8.33333,2,0,0,1.25226,0,-1,terminal-unfenced-suffix,1048601,1048592,-1,9,0,9,0,0.2,0.2,0.2,0,0,0,1,1,1,1,1,1,1
stable-group,random,13,117,9014,4,184.461,0,0,0,19720,24819.1,24847.3,948.625,60.9585,267.57,11102.5,174.44,0,0,0,0.4,7,7,7,0,51.6492,3.57143,0,0,0,1,0,-1,terminal-unfenced-suffix,1048601,1048601,-1,0,0,0,0,0,0,0,0,0,0,1,1,1,1,1,1,1
strict-hot,hot,13,117,45014,4,152.896,25834.4,29162.4,29704.4,0,0,0,10894.5,72.7705,24497.5,25565,171.52,1.48,2,2,0.2,12,13,13,0,73.3903,1.92308,12,0,0,3.46192,0,-1,fence-after-sync-before-publish,2097154,1048601,86,2,2,0,1,0.2,0,0,0,0,0,1,1,1,1,1,1,1
fixed-count,random,13,100,9014,4,310.227,11495.5,16428.8,19069.1,0,0,0,5890.67,34.229,11383.5,14551.2,170.56,2.44,4,4,0.0243902,6,7,7,0,74.4546,3.57143,6,0,0,1.20533,0,-1,terminal-unfenced-suffix,1048601,1048600,-1,1,0,1,0,0,0,0,0,0,0,1,1,1,1,1,1,1
fixed-time,random,13,117,9014,4,223.07,15539.8,34043.4,35948.8,0,0,0,1180.54,54.9795,93.6859,82108.5,170.92,2.08,4,1638,0.0243902,7,8,8,0,62.4597,3.125,0,8,0,1,0,-1,terminal-unfenced-suffix,1048601,1048601,-1,0,0,0,0,0,0,0,0,0,0,1,1,1,1,1,1,1
exchange-hot-guard,hot,13,100,45014,4,90.5441,5845.71,9587.34,9932.9,49763.1,66918.2,69088.4,1195.17,79.083,50166.4,57693.3,173.8,0.4,4,9,0.0243902,22,22,22,0,79.6788,1.13636,16,0,0,2.53086,1,10.442,terminal-unfenced-suffix,1048601,1048601,-1,0,0,0,0,0,0,0,0,0,0,1,1,1,1,1,1,1
exchange-hot,hot,13,117,45014,4,301.695,10692.2,17674.2,18029.4,0,0,0,8204.62,50.209,11756.9,16100,168.32,4.68,9,9,0.0486486,2,3,3,0,24.1356,8.33333,2,0,0,4.23863,0,-1,terminal-unfenced-suffix,1048601,1048592,-1,9,0,9,0,0.3,0.3,0.3,5.55112e-17,0,0,1,1,1,1,1,1,1
strict-random,random,13,100,9014,4,136.86,26918.4,42901.8,43550.2,0,0,0,9261.96,67.3125,21597,34312.6,171.52,1.48,2,2,0.2,12,13,13,0,65.6926,1.92308,12,0,0,1.15545,0,-1,terminal-unfenced-suffix,1048601,1048600,-1,1,0,1,0,0,0,0,0,0,0,1,1,1,1,1,1,1
fixed-time,random,14,100,9015,4,175.897,20278.6,35203.1,36152.9,0,0,0,1244.04,50.5415,88.4686,104297,170.92,2.08,4,1638,0.0243902,7,8,8,0,49.2512,3.125,0,8,0,1,0,-1,terminal-unfenced-suffix,1048601,1048601,-1,0,0,0,0,0,0,0,0,0,0,1,1,1,1,1,1,1
strict-hot,hot,14,100,45015,4,148.977,25189.7,32833.1,33033,0,0,0,13941.5,49.604,27205,31669.6,171.52,1.48,2,2,0.2,12,13,13,0,71.5089,1.92308,12,0,0,3.4573,0,-1,fence-after-sync-before-publish,2097154,1048601,86,2,2,0,1,0.2,0,0,0,0,0,1,1,1,1,1,1,1
fixed-count,random,14,117,9015,4,222.04,18583,19801,19879.1,0,0,0,8361.29,59.7085,12994.9,17502.6,170.56,2.44,4,4,0.0243902,6,7,7,0,53.2896,3.57143,6,0,0,0.85384,0,-1,terminal-unfenced-suffix,1048601,1048600,-1,1,0,1,0,0.1,0.1,0.1,0,0,0,1,1,1,1,1,1,1
exchange-hot,hot,14,100,45015,4,252.822,12660.7,21614.6,23703.1,0,0,0,8435.17,60.021,11859.8,20812.9,168.32,4.68,9,9,0.0486486,2,3,3,0,20.2257,8.33333,2,0,0,4.25666,0,-1,terminal-unfenced-suffix,1048601,1048592,-1,9,0,9,0,0.3,0.3,0.3,5.55112e-17,0,0,1,1,1,1,1,1,1
exchange-hot-guard,hot,14,117,45015,4,91.8189,5521.46,9214.04,9546.84,49851.8,57457.9,57462.6,1171.08,45.7915,47472.2,53989.6,173.8,0.4,4,9,0.0243902,22,22,22,0,80.8007,1.13636,16,0,0,2.7033,1,9.693,terminal-unfenced-suffix,1048601,1048601,-1,0,0,0,0,0,0,0,0,0,0,1,1,1,1,1,1,1
exchange-random,random,14,117,9015,4,275.018,11738.8,23430,23738.8,0,0,0,6993.75,59.0205,13283.2,20783,168.32,4.68,9,9,0.0486486,2,3,3,0,22.0015,8.33333,2,0,0,0.654048,0,-1,terminal-unfenced-suffix,1048601,1048592,-1,9,0,9,0,0.1,0.1,0.1,0,0,0,1,1,1,1,1,1,1
strict-random,random,14,117,9015,4,145.557,25990.5,36387.7,36648.9,0,0,0,8407.62,67.1875,26970.6,33048.1,171.52,1.48,2,2,0.2,12,13,13,0,69.8675,1.92308,12,0,0,0.877221,0,-1,terminal-unfenced-suffix,1048601,1048600,-1,1,0,1,0,0.1,0.1,0.1,0,0,0,1,1,1,1,1,1,1
stable-group,random,14,100,9015,4,186.661,0,0,0,19328,20701.8,20718.7,982.292,49.771,18610.4,19204,174.44,0,0,0,0.4,7,7,7,0,52.265,3.57143,0,0,0,1,0,-1,terminal-unfenced-suffix,1048601,1048601,-1,0,0,0,0,0,0,0,0,0,0,1,1,1,1,1,1,1
fixed-time,random,15,117,9016,4,197.79,20001.1,27206.5,29888.4,0,0,0,1199.42,66.875,119.67,92824.1,170.92,2.08,4,1638,0.0243902,7,8,8,0,55.3813,3.125,0,8,0,1,0,-1,terminal-unfenced-suffix,1048601,1048601,-1,0,0,0,0,0,0,0,0,0,0,1,1,1,1,1,1,1
fixed-count,random,15,100,9016,4,151.813,27884,33539.6,34087.4,0,0,0,9497.96,82.125,23530.1,31412.4,170.56,2.44,4,4,0.0243902,6,7,7,0,36.4352,3.57143,6,0,0,0.896595,0,-1,terminal-unfenced-suffix,1048601,1048600,-1,1,0,1,0,0.1,0.1,0.1,0,0,0,1,1,1,1,1,1,1
strict-hot,hot,15,117,45016,4,159.708,22093.5,39314.5,41712,0,0,0,12905.7,55.479,20638.1,34260.6,171.52,1.48,2,2,0.2,12,13,13,0,76.6598,1.92308,12,0,0,3.22725,0,-1,fence-after-sync-before-publish,2097154,1048601,86,2,2,0,1,0.2,0,0,0,0,0,1,1,1,1,1,1,1
strict-random,random,15,100,9016,4,125.319,32639.2,39367.2,40903.6,0,0,0,8070.62,66.958,34164.2,38829.1,171.52,1.48,2,2,0.2,12,13,13,0,60.1531,1.92308,12,0,0,0.885046,0,-1,terminal-unfenced-suffix,1048601,1048600,-1,1,0,1,0,0.1,0.1,0.1,0,0,0,1,1,1,1,1,1,1
exchange-hot-guard,hot,15,100,45016,4,108.572,5348.08,9841.74,10320.7,41686.2,49434.5,51721.2,1203.96,31.416,36281.1,39726,173.8,0.4,4,9,0.0243902,22,22,22,0,95.5433,1.13636,16,0,0,2.84158,1,10.487,terminal-unfenced-suffix,1048601,1048601,-1,0,0,0,0,0,0,0,0,0,0,1,1,1,1,1,1,1
stable-group,random,15,117,9016,4,177.386,0,0,0,18942.1,27017.8,27022.7,1185.33,70.229,19902.9,25018.1,174.44,0,0,0,0.4,7,7,7,0,49.6682,3.57143,0,0,0,1,0,-1,terminal-unfenced-suffix,1048601,1048601,-1,0,0,0,0,0,0,0,0,0,0,1,1,1,1,1,1,1
exchange-random,random,15,100,9016,4,295.18,12348.4,19667.5,20830.3,0,0,0,6840.67,28.896,11412.2,14926.6,168.32,4.68,9,9,0.0486486,2,3,3,0,23.6144,8.33333,2,0,0,0.995826,0,-1,terminal-unfenced-suffix,1048601,1048592,-1,9,0,9,0,0.1,0.1,0.1,0,0,0,1,1,1,1,1,1,1
exchange-hot,hot,15,117,45016,4,340.482,9655.83,17008.2,17243.7,0,0,0,8099.58,54.771,11232.7,16197,168.32,4.68,9,9,0.0486486,2,3,3,0,27.2386,8.33333,2,0,0,4.27072,0,-1,terminal-unfenced-suffix,1048601,1048592,-1,9,0,9,0,0.3,0.3,0.3,5.55112e-17,0,0,1,1,1,1,1,1,1
exchange-random,random,16,117,9017,4,297.301,11255.5,18661,19087.8,0,0,0,5817.88,42.8545,10313.2,15159.5,168.32,4.68,9,9,0.0486486,2,3,3,0,23.784,8.33333,2,0,0,1.00137,0,-1,terminal-unfenced-suffix,1048601,1048592,-1,9,0,9,0,0.2,0.2,0.2,0,0,0,1,1,1,1,1,1,1
strict-hot,hot,16,100,45017,4,126.443,32924.8,40775.2,41001.4,0,0,0,17388.2,63.0625,33221.1,37627.6,171.52,1.48,2,2,0.2,12,13,13,0,60.6927,1.92308,12,0,0,3.31206,0,-1,fence-after-sync-before-publish,2097154,1048601,86,2,2,0,1,0.2,0,0,0,0,0,1,1,1,1,1,1,1
exchange-hot,hot,16,100,45017,4,203.846,19486.3,31077.1,31458.9,0,0,0,9722.96,68.6045,19866.9,25314.7,168.32,4.68,9,9,0.0486486,2,3,3,0,16.3077,8.33333,2,0,0,4.32226,0,-1,terminal-unfenced-suffix,1048601,1048592,-1,9,0,9,0,0.3,0.3,0.3,5.55112e-17,0,0,1,1,1,1,1,1,1
fixed-count,random,16,117,9017,4,169.235,22446.1,33142.6,33306.2,0,0,0,8029.33,71.771,13481.8,27922.9,170.56,2.44,4,4,0.0243902,6,7,7,0,40.6164,3.57143,6,0,0,1.35895,0,-1,terminal-unfenced-suffix,1048601,1048600,-1,1,0,1,0,0.1,0.1,0.1,0,0,0,1,1,1,1,1,1,1
fixed-time,random,16,100,9017,4,179.065,21218.4,29973.5,35766.5,0,0,0,817.125,64.2295,298.281,102014,170.92,2.08,4,1638,0.0243902,7,8,8,0,50.1382,3.125,0,8,0,1,0,-1,terminal-unfenced-suffix,1048601,1048601,-1,0,0,0,0,0,0,0,0,0,0,1,1,1,1,1,1,1
exchange-hot-guard,hot,16,117,45017,4,83.5109,5717.85,9087.61,9384.72,51833.6,64127.8,66353.6,1153.5,63.542,30487,58227.7,173.8,0.4,4,9,0.0243902,22,22,22,0,73.4896,1.13636,16,0,0,2.7033,1,9.575,terminal-unfenced-suffix,1048601,1048601,-1,0,0,0,0,0,0,0,0,0,0,1,1,1,1,1,1,1
strict-random,random,16,117,9017,4,170.467,23313.1,26448.7,26616.8,0,0,0,8102.92,60.417,21989.1,25184.4,171.52,1.48,2,2,0.2,12,13,13,0,81.8239,1.92308,12,0,0,0.89518,0,-1,terminal-unfenced-suffix,1048601,1048600,-1,1,0,1,0,0.1,0.1,0.1,0,0,0,1,1,1,1,1,1,1
stable-group,random,16,100,9017,4,184.829,0,0,0,18822.3,20493.2,20577.8,1209.83,62.3335,18389.6,19174.8,174.44,0,0,0,0.4,7,7,7,0,51.7521,3.57143,0,0,0,1,0,-1,terminal-unfenced-suffix,1048601,1048601,-1,0,0,0,0,0,0,0,0,0,0,1,1,1,1,1,1,1
exchange-hot,hot,17,117,45018,4,258.795,12611,19581.1,25204.8,0,0,0,8197.25,67.812,11231.9,16207.2,168.32,4.68,9,9,0.0486486,2,3,3,0,20.7036,8.33333,2,0,0,4.32032,0,-1,terminal-unfenced-suffix,1048601,1048592,-1,9,0,9,0,0.3,0.3,0.3,5.55112e-17,0,0,1,1,1,1,1,1,1
fixed-count,random,17,100,9018,4,287.245,12515.7,17727.1,17923.2,0,0,0,5723.5,36.5415,10788.4,13809.6,170.56,2.44,4,4,0.0243902,6,7,7,0,68.9387,3.57143,6,0,0,1.27248,0,-1,terminal-unfenced-suffix,1048601,1048600,-1,1,0,1,0,0.1,0.1,0.1,0,0,0,1,1,1,1,1,1,1
fixed-time,random,17,117,9018,4,197.696,19259.5,26693.6,31222.6,0,0,0,878.083,57.5835,94.6439,81011,170.92,2.08,4,1638,0.0243902,7,8,8,0,55.3549,3.125,0,8,0,1,0,-1,terminal-unfenced-suffix,1048601,1048601,-1,0,0,0,0,0,0,0,0,0,0,1,1,1,1,1,1,1
strict-hot,hot,17,117,45018,4,242.056,16496.9,18452.2,18727.9,0,0,0,11722.2,9.6455,14355.7,16314.2,171.52,1.48,2,2,0.2,12,13,13,0,116.187,1.92308,12,0,0,3.46091,0,-1,fence-after-sync-before-publish,2097154,1048601,86,2,2,0,1,0.2,0,0,0,0,0,1,1,1,1,1,1,1
exchange-hot-guard,hot,17,100,45018,4,94.2332,4248.87,7100.34,7356.97,48669.3,61902.6,61915.7,1151.33,27.854,21502.6,50291.2,173.8,0.4,4,9,0.0243902,22,22,22,0,82.9252,1.13636,16,0,0,2.7033,1,7.657,terminal-unfenced-suffix,1048601,1048601,-1,0,0,0,0,0,0,0,0,0,0,1,1,1,1,1,1,1
stable-group,random,17,117,9018,4,197.99,0,0,0,17875.1,24843.7,24852,1193,63.4375,8055.27,21918.6,174.44,0,0,0,0.4,7,7,7,0,55.4373,3.57143,0,0,0,1,0,-1,terminal-unfenced-suffix,1048601,1048601,-1,0,0,0,0,0,0,0,0,0,0,1,1,1,1,1,1,1
strict-random,random,17,100,9018,4,108.423,34096.5,50789.1,54265.1,0,0,0,8935.12,81.458,32893.5,38751.1,171.52,1.48,2,2,0.2,12,13,13,0,52.043,1.92308,12,0,0,1.09635,0,-1,terminal-unfenced-suffix,1048601,1048600,-1,1,0,1,0,0.1,0.1,0.1,0,0,0,1,1,1,1,1,1,1
exchange-random,random,17,100,9018,4,255.081,15067,21974.3,22293,0,0,0,8841.29,75.6255,14167.2,20368.2,168.32,4.68,9,9,0.0486486,2,3,3,0,20.4065,8.33333,2,0,0,1.3089,0,-1,terminal-unfenced-suffix,1048601,1048592,-1,9,0,9,0,0.2,0.2,0.2,0,0,0,1,1,1,1,1,1,1
stable-group,random,18,100,9019,4,265.442,0,0,0,13050.7,16881.2,16888.2,1169.54,29.6045,12667.4,15106.2,174.44,0,0,0,0.4,7,7,7,0,74.3236,3.57143,0,0,0,1,0,-1,terminal-unfenced-suffix,1048601,1048601,-1,0,0,0,0,0,0,0,0,0,0,1,1,1,1,1,1,1
strict-hot,hot,18,100,45019,4,150.717,25088.3,34796.4,35477.8,0,0,0,16009.4,71.0205,250.379,9001.45,171.52,1.48,2,2,0.2,12,13,13,0,72.3441,1.92308,12,0,0,3.25068,0,-1,fence-after-sync-before-publish,2097154,1048601,86,2,2,0,1,0.2,0,0,0,0,0,1,1,1,1,1,1,1
exchange-hot-guard,hot,18,117,45019,4,98.0294,5453.4,8529.33,8804.43,47451.9,51917.1,52574.1,1199.75,51.9585,3513.79,31960.4,173.8,0.4,4,9,0.0243902,22,22,22,0,86.2659,1.13636,16,0,0,2.7033,1,8.988,terminal-unfenced-suffix,1048601,1048601,-1,0,0,0,0,0,0,0,0,0,0,1,1,1,1,1,1,1
exchange-hot,hot,18,100,45019,4,271.989,12914.8,19501.1,21730.2,0,0,0,8599.5,60,14117.4,18255.3,168.32,4.68,9,9,0.0486486,2,3,3,0,21.7591,8.33333,2,0,0,4.29161,0,-1,terminal-unfenced-suffix,1048601,1048592,-1,9,0,9,0,0.3,0.3,0.3,5.55112e-17,0,0,1,1,1,1,1,1,1
exchange-random,random,18,117,9019,4,248.799,15234.5,21968.3,23304.9,0,0,0,7551.08,71.313,6349.61,11020.4,168.32,4.68,9,9,0.0486486,2,3,3,0,19.9039,8.33333,2,0,0,1.07827,0,-1,terminal-unfenced-suffix,1048601,1048592,-1,9,0,9,0,0.2,0.2,0.2,0,0,0,1,1,1,1,1,1,1
fixed-time,random,18,100,9019,4,166.558,24220.8,35279.3,36138.3,0,0,0,1153.58,44.4585,179.323,6584.13,170.92,2.08,4,1638,0.0243902,7,8,8,0,46.6363,3.125,0,8,0,0.803922,0,-1,terminal-unfenced-suffix,1048601,1048601,-1,0,0,0,0,0,0,0,0,0,0,1,1,1,1,1,1,1
fixed-count,random,18,117,9019,4,199.733,19212.1,22061.9,22603.8,0,0,0,8785.67,68.2915,18468.7,19267,170.56,2.44,4,4,0.0243902,6,7,7,0,47.9359,3.57143,6,0,0,0.568309,0,-1,terminal-unfenced-suffix,1048601,1048600,-1,1,0,1,0,0,0,0,0,0,0,1,1,1,1,1,1,1
strict-random,random,18,117,9019,4,144.055,27039.2,33293.9,33607,0,0,0,8631.62,70.5625,26036.6,28334.9,171.52,1.48,2,2,0.2,12,13,13,0,69.1464,1.92308,12,0,0,0.664211,0,-1,terminal-unfenced-suffix,1048601,1048600,-1,1,0,1,0,0,0,0,0,0,0,1,1,1,1,1,1,1
fixed-time,random,19,117,9020,4,252.243,14773.5,21126.6,21632,0,0,0,1202.29,60.5,167.198,73058.9,170.92,2.08,4,1638,0.0243902,7,8,8,0,70.6281,3.125,0,8,0,1,0,-1,terminal-unfenced-suffix,1048601,1048601,-1,0,0,0,0,0,0,0,0,0,0,1,1,1,1,1,1,1
strict-random,random,19,100,9020,4,152.516,26064.6,35628.6,35792.5,0,0,0,8608.08,57.375,25528.6,25730.9,171.52,1.48,2,2,0.2,12,13,13,0,73.2079,1.92308,12,0,0,1.74385,0,-1,terminal-unfenced-suffix,1048601,1048600,-1,1,0,1,0,0.1,0.1,0.1,0,0,0,1,1,1,1,1,1,1
strict-hot,hot,19,117,45020,4,145.058,22799.5,43362.2,43776.1,0,0,0,12289.1,62.958,11101,34862.2,171.52,1.48,2,2,0.2,12,13,13,0,69.628,1.92308,12,0,0,3.42563,0,-1,fence-after-sync-before-publish,2097154,1048601,86,2,2,0,1,0.2,0,0,0,0,0,1,1,1,1,1,1,1
exchange-random,random,19,100,9020,4,290.982,11478.6,19178.3,19265.3,0,0,0,6883.46,61.292,13713.4,17842.3,168.32,4.68,9,9,0.0486486,2,3,3,0,23.2786,8.33333,2,0,0,1.2361,0,-1,terminal-unfenced-suffix,1048601,1048592,-1,9,0,9,0,0.2,0.2,0.2,0,0,0,1,1,1,1,1,1,1
exchange-hot,hot,19,117,45020,4,320.855,9915.25,20517.4,20550.3,0,0,0,8905,49.521,8962.64,16405.6,168.32,4.68,9,9,0.0486486,2,3,3,0,25.6684,8.33333,2,0,0,4.27392,0,-1,terminal-unfenced-suffix,1048601,1048592,-1,9,0,9,0,0.3,0.3,0.3,5.55112e-17,0,0,1,1,1,1,1,1,1
stable-group,random,19,117,9020,4,206.174,0,0,0,14797.6,22942.9,22949.4,1184.67,50.75,13651.4,19396.2,174.44,0,0,0,0.4,7,7,7,0,57.7287,3.57143,0,0,0,1,0,-1,terminal-unfenced-suffix,1048601,1048601,-1,0,0,0,0,0,0,0,0,0,0,1,1,1,1,1,1,1
exchange-hot-guard,hot,19,100,45020,4,109.589,9304.56,11925.4,12154.7,32831,76120.4,81447,1155.38,63.458,28073.8,58889.3,173.8,0.4,4,9,0.0243902,22,22,22,0,96.4387,1.13636,16,0,0,2.30986,1,12.6,terminal-unfenced-suffix,1048601,1048601,-1,0,0,0,0,0,0,0,0,0,0,1,1,1,1,1,1,1
fixed-count,random,19,100,9020,4,323.917,12229,13998.4,14182.2,0,0,0,6925.58,37.8335,11444.4,12815.6,170.56,2.44,4,4,0.0243902,6,7,7,0,77.7402,3.57143,6,0,0,1.26856,0,-1,terminal-unfenced-suffix,1048601,1048600,-1,1,0,1,0,0.1,0.1,0.1,0,0,0,1,1,1,1,1,1,1
exchange-hot-guard,hot,20,117,45021,4,102.184,6207.96,8747.99,8954.1,40796.2,62430,65650.8,1168.92,61.375,202.475,5100.29,173.8,0.4,4,9,0.0243902,22,22,22,0,89.9223,1.13636,16,0,0,2.53086,1,9.326,terminal-unfenced-suffix,1048601,1048601,-1,0,0,0,0,0,0,0,0,0,0,1,1,1,1,1,1,1
fixed-count,random,20,117,9021,4,191.028,20165.1,25495.5,25877,0,0,0,9477.88,63.8745,19154.7,22323,170.56,2.44,4,4,0.0243902,6,7,7,0,45.8468,3.57143,6,0,0,0.752836,0,-1,terminal-unfenced-suffix,1048601,1048600,-1,1,0,1,0,0,0,0,0,0,0,1,1,1,1,1,1,1
strict-hot,hot,20,100,45021,4,116.134,32208.4,47338,48139.5,0,0,0,9499.17,65.6875,35312.5,39561.5,171.52,1.48,2,2,0.2,12,13,13,0,55.7445,1.92308,12,0,0,3.04169,0,-1,fence-after-sync-before-publish,2097154,1048601,86,2,2,0,1,0.2,0,0,0,0,0,1,1,1,1,1,1,1
strict-random,random,20,117,9021,4,171.647,22415.2,34231.2,36303.2,0,0,0,6644.25,67.5205,4468.99,24925.6,171.52,1.48,2,2,0.2,12,13,13,0,82.3908,1.92308,12,0,0,0.862331,0,-1,terminal-unfenced-suffix,1048601,1048600,-1,1,0,1,0,0,0,0,0,0,0,1,1,1,1,1,1,1
fixed-time,random,20,100,9021,4,199.216,19105,27017.2,32087,0,0,0,985.625,58.917,122.442,91708.2,170.92,2.08,4,1638,0.0243902,7,8,8,0,55.7804,3.125,0,8,0,1,0,-1,terminal-unfenced-suffix,1048601,1048601,-1,0,0,0,0,0,0,0,0,0,0,1,1,1,1,1,1,1
exchange-hot,hot,20,100,45021,4,342.394,9747.08,16200,16395.4,0,0,0,7146.96,21.917,3889.48,12548.3,168.32,4.68,9,9,0.0486486,2,3,3,0,27.3915,8.33333,2,0,0,4.24021,0,-1,terminal-unfenced-suffix,1048601,1048592,-1,9,0,9,0,0.3,0.3,0.3,5.55112e-17,0,0,1,1,1,1,1,1,1
exchange-random,random,20,117,9021,4,278.407,11388.3,21834.3,21901.5,0,0,0,7687.5,61.875,6941.67,15956,168.32,4.68,9,9,0.0486486,2,3,3,0,22.2726,8.33333,2,0,0,0.641249,0,-1,terminal-unfenced-suffix,1048601,1048592,-1,9,0,9,0,0.1,0.1,0.1,0,0,0,1,1,1,1,1,1,1
stable-group,random,20,100,9021,4,167.744,0,0,0,20047.2,30755,30761.7,932.375,81.104,17324.5,18571,174.44,0,0,0,0.4,7,7,7,0,46.9683,3.57143,0,0,0,1,0,-1,terminal-unfenced-suffix,1048601,1048601,-1,0,0,0,0,0,0,0,0,0,0,1,1,1,1,1,1,1
fixed-time,random,21,117,9022,4,199.025,19348.8,27273.1,31131.3,0,0,0,1165.46,41.354,86.9684,137.846,170.92,2.08,4,1638,0.0243902,7,8,8,0,55.727,3.125,0,8,0,1,0,-1,terminal-unfenced-suffix,1048601,1048601,-1,0,0,0,0,0,0,0,0,0,0,1,1,1,1,1,1,1
exchange-hot,hot,21,117,45022,4,375.049,8302.58,17430.2,18489.4,0,0,0,6967.92,33.7505,6488.08,12891.8,168.32,4.68,9,9,0.0486486,2,3,3,0,30.004,8.33333,2,0,0,4.23707,0,-1,terminal-unfenced-suffix,1048601,1048592,-1,9,0,9,0,0.3,0.3,0.3,5.55112e-17,0,0,1,1,1,1,1,1,1
stable-group,random,21,117,9022,4,187.884,0,0,0,14719.7,31830,31834.1,1192.12,64.146,9433.31,27618.5,174.44,0,0,0,0.4,7,7,7,0,52.6076,3.57143,0,0,0,1,0,-1,terminal-unfenced-suffix,1048601,1048601,-1,0,0,0,0,0,0,0,0,0,0,1,1,1,1,1,1,1
exchange-hot-guard,hot,21,100,45022,4,83.2619,5353.29,8316.54,8579.94,50675.9,64721.4,65179.5,1165.42,74.0205,46962.6,55686.1,174,0.24,3,9,0.0184049,23,23,23,0,76.6009,1.08696,17,0,0,2.57708,1,8.839,terminal-unfenced-suffix,1048601,1048601,-1,0,0,0,0,0,0,0,0,0,0,1,1,1,1,1,1,1
exchange-random,random,21,100,9022,4,317.728,10975.9,16357.6,16560.1,0,0,0,7722.58,52.396,11862.2,15046.2,168.32,4.68,9,9,0.0486486,2,3,3,0,25.4182,8.33333,2,0,0,0.996414,0,-1,terminal-unfenced-suffix,1048601,1048592,-1,9,0,9,0,0.1,0.1,0.1,0,0,0,1,1,1,1,1,1,1
strict-hot,hot,21,117,45022,4,153.55,25906.9,28896.5,29468.2,0,0,0,13056.4,61,25141.7,27361.9,171.52,1.48,2,2,0.2,12,13,13,0,73.7042,1.92308,12,0,0,3.61212,0,-1,fence-after-sync-before-publish,2097154,1048601,86,2,2,0,1,0.2,0,0,0,0,0,1,1,1,1,1,1,1
strict-random,random,21,100,9022,4,121.481,34864.1,44768.7,45292.9,0,0,0,6784.58,76.146,35615.6,40591.8,171.52,1.48,2,2,0.2,12,13,13,0,58.3109,1.92308,12,0,0,1.53323,0,-1,terminal-unfenced-suffix,1048601,1048600,-1,1,0,1,0,0.1,0.1,0.1,0,0,0,1,1,1,1,1,1,1
fixed-count,random,21,100,9022,4,220.577,18208.9,20261.8,20435.1,0,0,0,8500.5,46.8125,12561.9,16941,170.56,2.44,4,4,0.0243902,6,7,7,0,52.9385,3.57143,6,0,0,1.14462,0,-1,terminal-unfenced-suffix,1048601,1048600,-1,1,0,1,0,0.1,0.1,0.1,0,0,0,1,1,1,1,1,1,1
exchange-hot-guard,hot,22,117,45023,4,87.1057,5454.9,8314.26,8563.42,45690.1,68896.3,68896.3,1237.58,62.9585,51589.1,65407.4,173.8,0.4,4,9,0.0243902,22,22,22,0,76.653,1.13636,16,0,0,2.53086,1,8.775,terminal-unfenced-suffix,1048601,1048601,-1,0,0,0,0,0,0,0,0,0,0,1,1,1,1,1,1,1
strict-random,random,22,117,9023,4,121.01,31081.3,46211.3,47850.2,0,0,0,7767.29,74.6035,30136.3,32090.5,171.52,1.48,2,2,0.2,12,13,13,0,58.0847,1.92308,12,0,0,1.30132,0,-1,terminal-unfenced-suffix,1048601,1048600,-1,1,0,1,0,0.1,0.1,0.1,0,0,0,1,1,1,1,1,1,1
strict-hot,hot,22,100,45023,4,117.461,28234.1,54354.6,55753.3,0,0,0,9895.29,63.2915,37344.5,45927.7,171.52,1.48,2,2,0.2,12,13,13,0,56.3814,1.92308,12,0,0,3.43651,0,-1,fence-after-sync-before-publish,2097154,1048601,86,2,2,0,1,0.2,0,0,0,0,0,1,1,1,1,1,1,1
stable-group,random,22,100,9023,4,184.959,0,0,0,19782.5,24748.7,24752.1,1175.79,59.75,18186.1,18689.9,174.44,0,0,0,0.4,7,7,7,0,51.7886,3.57143,0,0,0,1,0,-1,terminal-unfenced-suffix,1048601,1048601,-1,0,0,0,0,0,0,0,0,0,0,1,1,1,1,1,1,1
exchange-hot,hot,22,100,45023,4,293.067,12043.5,18482.2,18633,0,0,0,7657.92,42.4795,14455.8,17207,168.32,4.68,9,9,0.0486486,2,3,3,0,23.4453,8.33333,2,0,0,4.23916,0,-1,terminal-unfenced-suffix,1048601,1048592,-1,9,0,9,0,0.3,0.3,0.3,5.55112e-17,0,0,1,1,1,1,1,1,1
exchange-random,random,22,117,9023,4,295.661,11192.8,21909.9,22809.4,0,0,0,10578.7,53.583,9676.05,18386.3,168.32,4.68,9,9,0.0486486,2,3,3,0,23.6528,8.33333,2,0,0,1.14768,0,-1,terminal-unfenced-suffix,1048601,1048592,-1,9,0,9,0,0.2,0.2,0.2,0,0,0,1,1,1,1,1,1,1
fixed-time,random,22,100,9023,4,182.874,19642.9,34359.6,37810,0,0,0,1193.71,35.9375,86.6793,99401.4,170.92,2.08,4,1638,0.0243902,7,8,8,0,51.2047,3.125,0,8,0,1,0,-1,terminal-unfenced-suffix,1048601,1048601,-1,0,0,0,0,0,0,0,0,0,0,1,1,1,1,1,1,1
fixed-count,random,22,117,9023,4,196.664,18494.9,27579.6,28207.4,0,0,0,7328.25,78.7915,18064.9,24721.9,170.56,2.44,4,4,0.0243902,6,7,7,0,47.1994,3.57143,6,0,0,1.53585,0,-1,terminal-unfenced-suffix,1048601,1048600,-1,1,0,1,0,0.1,0.1,0.1,0,0,0,1,1,1,1,1,1,1
exchange-hot,hot,23,117,45024,4,336.819,11719.5,18117,18802.1,0,0,0,5447.12,41.459,8584.74,14918.7,168.32,4.68,9,9,0.0486486,2,3,3,0,26.9455,8.33333,2,0,0,4.23308,0,-1,terminal-unfenced-suffix,1048601,1048592,-1,9,0,9,0,0.3,0.3,0.3,5.55112e-17,0,0,1,1,1,1,1,1,1
stable-group,random,23,117,9024,4,209.601,0,0,0,15834.7,20709.7,20718.7,1201.71,64.8955,5476.56,13721.4,174.44,0,0,0,0.4,7,7,7,0,58.6883,3.57143,0,0,0,1,0,-1,terminal-unfenced-suffix,1048601,1048601,-1,0,0,0,0,0,0,0,0,0,0,1,1,1,1,1,1,1
strict-hot,hot,23,117,45024,4,128.799,28519.4,43907.7,45749.3,0,0,0,10060,67.563,19868.9,32190.5,171.52,1.48,2,2,0.2,12,13,13,0,61.8233,1.92308,12,0,0,3.64256,0,-1,fence-after-sync-before-publish,2097154,1048601,86,2,2,0,1,0.2,0,0,0,0,0,1,1,1,1,1,1,1
exchange-hot-guard,hot,23,100,45024,4,89.8335,4982.21,8119.93,8412.75,52767,53089.5,54245.5,1189.33,58.0415,51820.7,52039.9,173.8,0.4,4,9,0.0243902,22,22,22,0,79.0535,1.13636,16,0,0,2.7033,1,8.562,terminal-unfenced-suffix,1048601,1048601,-1,0,0,0,0,0,0,0,0,0,0,1,1,1,1,1,1,1
fixed-count,random,23,100,9024,4,153.529,25929.8,37851.8,38380.9,0,0,0,9340.79,82.937,27997.6,29080,170.56,2.44,4,4,0.0243902,6,7,7,0,36.8469,3.57143,6,0,0,0.32613,0,-1,terminal-unfenced-suffix,1048601,1048600,-1,1,0,1,0,0,0,0,0,0,0,1,1,1,1,1,1,1
strict-random,random,23,100,9024,4,121.809,30224.5,47083.1,48564.3,0,0,0,7911.08,53.0415,31028.3,43819.6,171.52,1.48,2,2,0.2,12,13,13,0,58.4683,1.92308,12,0,0,0.457311,0,-1,terminal-unfenced-suffix,1048601,1048600,-1,1,0,1,0,0,0,0,0,0,0,1,1,1,1,1,1,1
exchange-random,random,23,100,9024,4,263.613,13217.1,19722.4,20049.4,0,0,0,8620.67,61.2915,7107.09,13009.5,168.32,4.68,9,9,0.0486486,2,3,3,0,21.0891,8.33333,2,0,0,0.570218,0,-1,terminal-unfenced-suffix,1048601,1048592,-1,9,0,9,0,0.1,0.1,0.1,0,0,0,1,1,1,1,1,1,1
fixed-time,random,23,117,9024,4,199.348,18879.9,26560.5,27048.2,0,0,0,1196.29,38.0415,122.687,49785.8,170.92,2.08,4,1638,0.0243902,7,8,8,0,55.8174,3.125,0,8,0,0.854369,0,-1,terminal-unfenced-suffix,1048601,1048601,-1,0,0,0,0,0,0,0,0,0,0,1,1,1,1,1,1,1
exchange-hot,hot,24,100,45025,4,262.363,12100.9,19771.1,24174.3,0,0,0,8623.92,73.6455,6828.65,16909.5,168.32,4.68,9,9,0.0486486,2,3,3,0,20.989,8.33333,2,0,0,4.3177,0,-1,terminal-unfenced-suffix,1048601,1048592,-1,9,0,9,0,0.3,0.3,0.3,5.55112e-17,0,0,1,1,1,1,1,1,1
exchange-random,random,24,117,9025,4,195.679,21449.7,35669.2,38383.4,0,0,0,8625.38,55.9165,24573.6,30012.9,168.32,4.68,9,9,0.0486486,2,3,3,0,15.6543,8.33333,2,0,0,1.26921,0,-1,terminal-unfenced-suffix,1048601,1048592,-1,9,0,9,0,0.2,0.2,0.2,0,0,0,1,1,1,1,1,1,1
strict-random,random,24,117,9025,4,123.872,31110.1,43903.8,46054.6,0,0,0,9050.5,69.896,32403.5,42284.5,171.52,1.48,2,2,0.2,12,13,13,0,59.4585,1.92308,12,0,0,1.09335,0,-1,terminal-unfenced-suffix,1048601,1048600,-1,1,0,1,0,0.1,0.1,0.1,0,0,0,1,1,1,1,1,1,1
fixed-count,random,24,117,9025,4,196.658,19816,25947.3,26110.2,0,0,0,7115.75,53.875,22004.6,24323.8,170.56,2.44,4,4,0.0243902,6,7,7,0,47.198,3.57143,6,0,0,0.86284,0,-1,terminal-unfenced-suffix,1048601,1048600,-1,1,0,1,0,0.1,0.1,0.1,0,0,0,1,1,1,1,1,1,1
fixed-time,random,24,100,9025,4,359.165,10285.5,15694.8,16568.1,0,0,0,1138.54,10.0625,38.6898,53783.2,170.92,2.08,4,1638,0.0243902,7,8,8,0,100.566,3.125,0,8,0,1,0,-1,terminal-unfenced-suffix,1048601,1048601,-1,0,0,0,0,0,0,0,0,0,0,1,1,1,1,1,1,1
strict-hot,hot,24,100,45025,4,177.904,20932,27140.8,29250.6,0,0,0,15422.4,16.646,19954.5,24082.2,171.52,1.48,2,2,0.2,12,13,13,0,85.394,1.92308,12,0,0,3.72285,0,-1,fence-after-sync-before-publish,2097154,1048601,86,2,2,0,1,0.2,0,0,0,0,0,1,1,1,1,1,1,1
stable-group,random,24,100,9025,4,185.28,0,0,0,19619.6,23693.2,23703.3,870,63.458,19408.4,21797,174.44,0,0,0,0.4,7,7,7,0,51.8785,3.57143,0,0,0,1,0,-1,terminal-unfenced-suffix,1048601,1048601,-1,0,0,0,0,0,0,0,0,0,0,1,1,1,1,1,1,1
exchange-hot-guard,hot,24,117,45025,4,97.576,4426.52,6533.52,6710.4,49820.3,53764.5,53765.6,1201.88,66.8545,15536.8,45751.4,173.8,0.4,4,9,0.0243902,22,22,22,0,85.8669,1.13636,16,0,0,2.30986,1,7.138,terminal-unfenced-suffix,1048601,1048601,-1,0,0,0,0,0,0,0,0,0,0,1,1,1,1,1,1,1
exchange-random,random,25,100,9026,4,429.152,8275.08,13935.6,14164.9,0,0,0,5974.46,14.3125,9867.2,12933.6,168.32,4.68,9,9,0.0486486,2,3,3,0,34.3322,8.33333,2,0,0,1.08105,0,-1,terminal-unfenced-suffix,1048601,1048592,-1,9,0,9,0,0.2,0.2,0.2,0,0,0,1,1,1,1,1,1,1
exchange-hot,hot,25,117,45026,4,407.316,8369.67,15555.5,15852.1,0,0,0,6953.71,9.5625,6964.97,11553.1,168.32,4.68,9,9,0.0486486,2,3,3,0,32.5853,8.33333,2,0,0,4.20408,0,-1,terminal-unfenced-suffix,1048601,1048592,-1,9,0,9,0,0.3,0.3,0.3,5.55112e-17,0,0,1,1,1,1,1,1,1
strict-hot,hot,25,117,45026,4,149.887,25955.8,35037.5,35480.5,0,0,0,10350,21.562,22531.4,30604.1,171.52,1.48,2,2,0.2,12,13,13,0,71.9456,1.92308,12,0,0,3.88583,0,-1,fence-after-sync-before-publish,2097154,1048601,86,2,2,0,1,0.2,0,0,0,0,0,1,1,1,1,1,1,1
fixed-count,random,25,100,9026,4,187.579,18618.7,34578.6,35705.6,0,0,0,7178.21,66.9795,18147.6,30320.4,170.56,2.44,4,4,0.0243902,6,7,7,0,45.019,3.57143,6,0,0,1.10835,0,-1,terminal-unfenced-suffix,1048601,1048600,-1,1,0,1,0,0.1,0.1,0.1,0,0,0,1,1,1,1,1,1,1
strict-random,random,25,100,9026,4,124.226,31005,40534.8,41221.6,0,0,0,8526.54,80.4585,23774.4,33878.9,171.52,1.48,2,2,0.2,12,13,13,0,59.6286,1.92308,12,0,0,1.62182,0,-1,terminal-unfenced-suffix,1048601,1048600,-1,1,0,1,0,0.1,0.1,0.1,0,0,0,1,1,1,1,1,1,1
fixed-time,random,25,117,9026,4,163.896,22997,34119.2,36248.8,0,0,0,1199.5,65.1255,144.023,34778.4,171,2,4,1656,0.0240964,8,9,9,0,52.4467,2.77778,0,9,0,0.519354,0,-1,terminal-unfenced-suffix,1048601,1048601,-1,0,0,0,0,0,0,0,0,0,0,1,1,1,1,1,1,1
stable-group,random,25,117,9026,4,162.248,0,0,0,20732,35782.3,35788.7,1182.75,76.5625,22040.2,31571.7,174.44,0,0,0,0.4,7,7,7,0,45.4293,3.57143,0,0,0,1,0,-1,terminal-unfenced-suffix,1048601,1048601,-1,0,0,0,0,0,0,0,0,0,0,1,1,1,1,1,1,1
exchange-hot-guard,hot,25,100,45026,4,109.087,4461.83,6924.97,7141.79,38765.6,51003.6,51016.6,1178.17,64.25,9548.84,30362.4,173.8,0.4,4,9,0.0243902,22,22,22,0,95.9963,1.13636,16,0,0,2.53086,1,7.382,terminal-unfenced-suffix,1048601,1048601,-1,0,0,0,0,0,0,0,0,0,0,1,1,1,1,1,1,1
exchange-hot,hot,26,100,45027,4,217.776,15840,25094.5,26338.2,0,0,0,8253.21,73.834,19437.6,24063,168.32,4.68,9,9,0.0486486,2,3,3,0,17.4221,8.33333,2,0,0,4.33308,0,-1,terminal-unfenced-suffix,1048601,1048592,-1,9,0,9,0,0.3,0.3,0.3,5.55112e-17,0,0,1,1,1,1,1,1,1
strict-random,random,26,117,9027,4,212.655,17737.3,26810.2,26851.2,0,0,0,6410.62,12.396,16729.3,23248.6,171.52,1.48,2,2,0.2,12,13,13,0,102.074,1.92308,12,0,0,0.853122,0,-1,terminal-unfenced-suffix,1048601,1048600,-1,1,0,1,0,0.1,0.1,0.1,0,0,0,1,1,1,1,1,1,1
fixed-count,random,26,117,9027,4,280.121,14394.6,15270.4,15664.4,0,0,0,8508.96,16.3125,13294.8,14042.4,170.56,2.44,4,4,0.0243902,6,7,7,0,67.2291,3.57143,6,0,0,0.519675,0,-1,terminal-unfenced-suffix,1048601,1048600,-1,1,0,1,0,0.1,0.1,0.1,0,0,0,1,1,1,1,1,1,1
stable-group,random,26,100,9027,4,198.263,0,0,0,17860.6,21820.2,21855.1,1181.83,57.0215,155.294,256.554,174.44,0,0,0,0.4,7,7,7,0,55.5137,3.57143,0,0,0,1,0,-1,terminal-unfenced-suffix,1048601,1048601,-1,0,0,0,0,0,0,0,0,0,0,1,1,1,1,1,1,1
strict-hot,hot,26,100,45027,4,140.937,27227.2,37864.7,38653.7,0,0,0,16450.7,63.625,24707.9,28878.5,171.52,1.48,2,2,0.2,12,13,13,0,67.6499,1.92308,12,0,0,3.25801,0,-1,fence-after-sync-before-publish,2097154,1048601,86,2,2,0,1,0.2,0,0,0,0,0,1,1,1,1,1,1,1
exchange-random,random,26,117,9027,4,304.912,10794.4,18637.8,18722.6,0,0,0,7293.62,39.8335,9882.36,15204.7,168.32,4.68,9,9,0.0486486,2,3,3,0,24.393,8.33333,2,0,0,0.820992,0,-1,terminal-unfenced-suffix,1048601,1048592,-1,9,0,9,0,0.2,0.2,0.2,0,0,0,1,1,1,1,1,1,1
exchange-hot-guard,hot,26,117,45027,4,93.2673,5560,8694.57,8981.01,50777.3,55615,56738.6,1149.83,44.8335,25042.5,48480.7,173.8,0.4,4,9,0.0243902,22,22,22,0,82.0752,1.13636,16,0,0,2.7033,1,9.333,terminal-unfenced-suffix,1048601,1048601,-1,0,0,0,0,0,0,0,0,0,0,1,1,1,1,1,1,1
fixed-time,random,26,100,9027,4,327.218,12053.7,17386.7,17784.7,0,0,0,972.5,37.687,67.9186,77.9693,170.92,2.08,4,1638,0.0243902,7,8,8,0,91.6211,3.125,0,8,0,1,0,-1,terminal-unfenced-suffix,1048601,1048601,-1,0,0,0,0,0,0,0,0,0,0,1,1,1,1,1,1,1
fixed-count,random,27,100,9028,4,204.195,18533,27203.4,29220.9,0,0,0,7298.71,52.208,8937.37,12848.3,170.56,2.44,4,4,0.0243902,6,7,7,0,49.0067,3.57143,6,0,0,1.38762,0,-1,terminal-unfenced-suffix,1048601,1048600,-1,1,0,1,0,0.1,0.1,0.1,0,0,0,1,1,1,1,1,1,1
exchange-random,random,27,100,9028,4,255.656,13969.3,19734.5,19767.1,0,0,0,9087.5,68.1665,8506.57,18832.7,168.32,4.68,9,9,0.0486486,2,3,3,0,20.4525,8.33333,2,0,0,1.28707,0,-1,terminal-unfenced-suffix,1048601,1048592,-1,9,0,9,0,0.2,0.2,0.2,0,0,0,1,1,1,1,1,1,1
strict-hot,hot,27,117,45028,4,122.705,30824.2,42477.7,44019.5,0,0,0,15719.8,53.8335,34191.3,37350.7,171.52,1.48,2,2,0.2,12,13,13,0,58.8986,1.92308,12,0,0,3.31206,0,-1,fence-after-sync-before-publish,2097154,1048601,86,2,2,0,1,0.2,0,0,0,0,0,1,1,1,1,1,1,1
exchange-hot-guard,hot,27,100,45028,4,104.559,4977.87,7829.42,8079.18,43988,62580.5,62585.7,1177.08,36.0415,38698.8,42862.1,173.8,0.4,4,9,0.0243902,22,22,22,0,92.0115,1.13636,16,0,0,2.53086,1,8.417,terminal-unfenced-suffix,1048601,1048601,-1,0,0,0,0,0,0,0,0,0,0,1,1,1,1,1,1,1
fixed-time,random,27,117,9028,4,193.488,17872.4,28793.3,33556.3,0,0,0,1174.21,38.083,109.469,153.335,170.92,2.08,4,1638,0.0243902,7,8,8,0,54.1766,3.125,0,8,0,1,0,-1,terminal-unfenced-suffix,1048601,1048601,-1,0,0,0,0,0,0,0,0,0,0,1,1,1,1,1,1,1
exchange-hot,hot,27,117,45028,4,335.134,8864.42,15879.8,15992.7,0,0,0,7714.42,19.5625,7662.12,12728.4,168.32,4.68,9,9,0.0486486,2,3,3,0,26.8107,8.33333,2,0,0,4.22324,0,-1,terminal-unfenced-suffix,1048601,1048592,-1,9,0,9,0,0.3,0.3,0.3,5.55112e-17,0,0,1,1,1,1,1,1,1
strict-random,random,27,100,9028,4,117.218,34686.3,46823.5,49872.6,0,0,0,8710.88,56.313,34619.8,42212.6,171.52,1.48,2,2,0.2,12,13,13,0,56.2647,1.92308,12,0,0,1.53049,0,-1,terminal-unfenced-suffix,1048601,1048600,-1,1,0,1,0,0.1,0.1,0.1,0,0,0,1,1,1,1,1,1,1
stable-group,random,27,117,9028,4,215.846,0,0,0,16845,22707.7,22725.7,1147.17,27.854,15621.2,19803.8,174.44,0,0,0,0.4,7,7,7,0,60.4369,3.57143,0,0,0,1,0,-1,terminal-unfenced-suffix,1048601,1048601,-1,0,0,0,0,0,0,0,0,0,0,1,1,1,1,1,1,1
fixed-time,random,28,100,9029,4,267.877,12798.7,24300.4,28601.1,0,0,0,1153.58,39.396,90.1647,70437.8,170.92,2.08,4,1638,0.0243902,7,8,8,0,75.0054,3.125,0,8,0,1,0,-1,terminal-unfenced-suffix,1048601,1048601,-1,0,0,0,0,0,0,0,0,0,0,1,1,1,1,1,1,1
strict-hot,hot,28,100,45029,4,115.061,32987.6,54996.9,56677,0,0,0,16060.9,70.604,36114.3,47074.8,171.52,1.48,2,2,0.2,12,13,13,0,55.2295,1.92308,12,0,0,3.1622,0,-1,fence-after-sync-before-publish,2097154,1048601,86,2,2,0,1,0.2,0,0,0,0,0,1,1,1,1,1,1,1
exchange-hot-guard,hot,28,117,45029,4,85.3814,4850.58,8002.32,8284.3,56916.3,60766.2,60788.5,1177.33,82.4375,49711.6,58693.1,173.8,0.4,4,9,0.0243902,22,22,22,0,75.1356,1.13636,16,0,0,2.7033,1,8.57,terminal-unfenced-suffix,1048601,1048601,-1,0,0,0,0,0,0,0,0,0,0,1,1,1,1,1,1,1
exchange-random,random,28,117,9029,4,272.194,11816.7,24848.7,24960.7,0,0,0,8171.25,66.937,11015.7,14627.6,168.32,4.68,9,9,0.0486486,2,3,3,0,21.7755,8.33333,2,0,0,1.04267,0,-1,terminal-unfenced-suffix,1048601,1048592,-1,9,0,9,0,0.2,0.2,0.2,0,0,0,1,1,1,1,1,1,1
stable-group,random,28,100,9029,4,184.002,0,0,0,18811.4,23641.6,23677.7,1195,46.2085,18025.3,18678.2,174.44,0,0,0,0.4,7,7,7,0,51.5206,3.57143,0,0,0,1,0,-1,terminal-unfenced-suffix,1048601,1048601,-1,0,0,0,0,0,0,0,0,0,0,1,1,1,1,1,1,1
fixed-count,random,28,117,9029,4,175.14,19762.7,37843.5,40032.6,0,0,0,9317.08,47.083,13929,22171.9,170.56,2.44,4,4,0.0243902,6,7,7,0,42.0336,3.57143,6,0,0,0.81597,0,-1,terminal-unfenced-suffix,1048601,1048600,-1,1,0,1,0,0,0,0,0,0,0,1,1,1,1,1,1,1
exchange-hot,hot,28,100,45029,4,246.392,12002.7,31392.5,31548.4,0,0,0,6779.38,69.2505,5026.31,17146.9,168.32,4.68,9,9,0.0486486,2,3,3,0,19.7114,8.33333,2,0,0,4.27078,0,-1,terminal-unfenced-suffix,1048601,1048592,-1,9,0,9,0,0.3,0.3,0.3,5.55112e-17,0,0,1,1,1,1,1,1,1
strict-random,random,28,117,9029,4,116.415,37393.1,45946.8,48900.5,0,0,0,7237.71,60.9585,38202.1,44142.3,171.52,1.48,2,2,0.2,12,13,13,0,55.879,1.92308,12,0,0,1.07915,0,-1,terminal-unfenced-suffix,1048601,1048600,-1,1,0,1,0,0,0,0,0,0,0,1,1,1,1,1,1,1
exchange-hot-guard,hot,29,100,45030,4,79.0729,6392.04,9874.73,10194,59050.6,65365.1,67566.7,836.083,75.6875,58891.9,59661.8,173.8,0.4,4,9,0.0243902,22,22,22,0,69.5842,1.13636,16,0,0,2.30986,1,10.834,terminal-unfenced-suffix,1048601,1048601,-1,0,0,0,0,0,0,0,0,0,0,1,1,1,1,1,1,1
fixed-count,random,29,100,9030,4,164.936,19711.5,30075,35357.4,0,0,0,6487.38,67.146,13401.1,24604.1,170.56,2.44,4,4,0.0243902,6,7,7,0,39.5847,3.57143,6,0,0,1.04946,0,-1,terminal-unfenced-suffix,1048601,1048600,-1,1,0,1,0,0.1,0.1,0.1,0,0,0,1,1,1,1,1,1,1
fixed-time,random,29,117,9030,4,220.716,16180.5,27559.2,30944.8,0,0,0,1183.54,36.083,87.9852,135.596,170.92,2.08,4,1638,0.0243902,7,8,8,0,61.8004,3.125,0,8,0,1,0,-1,terminal-unfenced-suffix,1048601,1048601,-1,0,0,0,0,0,0,0,0,0,0,1,1,1,1,1,1,1
strict-random,random,29,100,9030,4,132.249,26150.8,42986.3,43805.4,0,0,0,9047.62,66.833,27958.8,35586.9,171.52,1.48,2,2,0.2,12,13,13,0,63.4797,1.92308,12,0,0,1.10643,0,-1,terminal-unfenced-suffix,1048601,1048600,-1,1,0,1,0,0.1,0.1,0.1,0,0,0,1,1,1,1,1,1,1
exchange-random,random,29,100,9030,4,145.75,18170.4,65538.4,77867,0,0,0,10241.8,78.7705,12009.1,15835.3,168.32,4.68,9,9,0.0486486,2,3,3,0,11.66,8.33333,2,0,0,1.08075,0,-1,terminal-unfenced-suffix,1048601,1048592,-1,9,0,9,0,0.2,0.2,0.2,0,0,0,1,1,1,1,1,1,1
stable-group,random,29,117,9030,4,150.56,0,0,0,24778.3,32810.6,32816.8,1171.17,63.2085,19535.3,25121.9,174.44,0,0,0,0.4,7,7,7,0,42.1567,3.57143,0,0,0,1,0,-1,terminal-unfenced-suffix,1048601,1048601,-1,0,0,0,0,0,0,0,0,0,0,1,1,1,1,1,1,1
exchange-hot,hot,29,117,45030,4,242.772,11984.8,23722.1,24053.3,0,0,0,7702.79,50.729,10513.2,16243.5,168.32,4.68,9,9,0.0486486,2,3,3,0,19.4217,8.33333,2,0,0,4.26212,0,-1,terminal-unfenced-suffix,1048601,1048592,-1,9,0,9,0,0.3,0.3,0.3,5.55112e-17,0,0,1,1,1,1,1,1,1
strict-hot,hot,29,117,45030,4,117.943,34610.8,42830.2,44394.7,0,0,0,10594.2,58.292,36377,39602.8,171.52,1.48,2,2,0.2,12,13,13,0,56.6128,1.92308,12,0,0,3.63428,0,-1,fence-after-sync-before-publish,2097154,1048601,86,2,2,0,1,0.2,0,0,0,0,0,1,1,1,1,1,1,1
